id,annotator_1,annotator_2,annotator_3
1269503997754425345,"[13, 14, 15, 16, 49, 50, 51, 52, 80, 81, 82, 83, 86, 87, 88, 89, 101, 102, 103, 104, 105, 106, 109, 110, 111, 112, 115, 116, 117, 118, 119, 129, 130, 131, 132, 133]","[13, 14, 15, 16, 49, 50, 51, 52, 109, 110, 111, 112]","[13, 14, 15, 16, 49, 50, 51, 52, 109, 110, 111, 112, 101, 102, 103, 104, 105, 106, 115, 116, 117, 118, 119]"
1266470522046611459,"[64, 65, 66, 67, 108, 109, 110, 111, 112]","[64, 65, 66, 67, 108, 109, 110, 111, 112]",
1063758286598610947,"[13, 14, 15, 16, 34, 35, 36, 37, 40, 41, 42, 43, 46, 47, 48]","[13, 14, 15, 16, 34, 35, 36, 37, 40, 41, 42, 43, 46, 47, 48]",
1168077380042317825,"[11, 12, 13, 14, 15, 16, 17, 50, 51, 52, 53]","[11, 12, 13, 14, 15, 16, 17, 50, 51, 52, 53]",
1267571276266291201,"[13, 14, 15, 16, 40, 41, 42, 43, 76, 77, 78, 79]","[13, 14, 15, 16, 40, 41, 42, 43, 76, 77, 78, 79]",
1063207939836690432,"[26, 27, 28, 29, 30, 31, 32, 5, 6]","[5, 6, 26, 27, 28, 29, 30, 31, 32]","[5, 6, 26, 27, 28, 29, 30, 31, 32]"
1063380369058222081,"[68, 69, 70, 71, 72, 73, 45, 46]","[16, 17, 18, 19, 20, 45, 46, 68, 69, 70, 71, 72, 73]","[45, 46, 68, 69, 70, 71, 72, 73]"
1063419250394705920,[],[],
1062054011312967681,"[43, 44, 45, 46, 47, 48]","[43, 44, 45, 46, 47, 48]",
1267009644628672512,"[26, 27, 28, 29, 30, 31]","[39, 40, 41, 42, 26, 27, 28, 29, 30, 31]","[19, 20, 21, 22, 23, 24, 26, 27, 28, 29, 30, 31, 39, 40, 41, 42]"
1063348200915025920,"[45, 46, 47, 48, 49, 50, 51, 52, 87, 88, 89, 90, 91, 92, 93, 94, 95]","[49, 50, 51, 52, 87, 88, 89, 90, 91, 92, 93, 94, 95]","[87, 88, 89, 90, 91, 92, 93, 94, 95, 97, 98, 99, 6, 7, 8, 9, 10, 11, 12]"
1266685321900691460,"[71, 72, 73, 74, 75, 76, 104, 105, 106, 107, 108, 109]",[],"[71, 72, 73, 74, 75, 76, 104, 105, 106, 107, 108, 109, 67, 68, 69]"
1266296257481342978,"[45, 46, 47, 48, 49, 50, 51, 52, 53]","[45, 46, 47, 48, 49, 50, 51, 52, 53, 54]","[45, 46, 47, 48, 49, 50, 51, 52, 53]"
665309441001021440,"[53, 54, 55, 56, 57, 58, 59, 60, 61, 62, 63, 64, 65]",[],"[53, 54, 55, 56, 57, 58, 59, 60, 61, 62, 63, 64, 65, 42, 43, 44, 45, 46, 47, 48]"
1063786539765817345,"[22, 23, 24, 25, 26, 27, 16, 17, 18, 19, 20, 0, 1, 2, 3, 4, 5, 6]","[0, 1, 2, 3, 4, 5, 6, 16, 17, 18, 19, 20, 21, 22, 23, 24, 25, 26, 27, 28, 29, 30, 31, 32, 33, 34, 35]","[0, 1, 2, 3, 4, 5, 6, 16, 17, 18, 19, 20, 22, 23, 24, 25, 26, 27, 29, 30, 31, 32, 33, 34, 35]"
1123496886248312838,"[69, 70, 71, 72, 84, 85, 86, 87, 88, 89]","[84, 85, 86, 87, 88, 89]","[54, 55, 56, 57, 58, 59, 60, 61, 62, 63, 64, 65, 66, 67, 74, 75, 76, 77, 78, 79, 80, 81, 82, 69, 70, 71, 72, 84, 85, 86, 87, 88, 89]"
1168075253907697665,"[58, 59, 60, 61, 62, 63, 64, 65]",[],"[12, 13, 14, 15, 16, 17, 18, 58, 59, 60, 61, 62, 63, 64, 65]"
848290613107798017,"[90, 91, 92, 93, 94]","[90, 91, 92, 93, 94]",
1063562003221016577,"[13, 14, 15, 16, 49, 50, 51, 52, 76, 77, 78, 79, 104, 105, 106, 107, 108]","[13, 14, 15, 16, 49, 50, 51, 52, 76, 77, 78, 79, 104, 105, 106, 107, 108]",
1266130428798349312,[],[],
1267193813291974669,"[13, 14, 15, 16, 40, 41, 42, 43, 84, 85, 86, 87]","[13, 14, 15, 16, 40, 41, 42, 43, 84, 85, 86, 87]",
1267002569840365569,"[32, 33, 34, 35, 36, 37, 73, 74, 75, 76, 77, 78, 79, 80, 81, 82, 83]","[29, 30, 31, 32, 33, 34, 35, 36, 37]","[32, 33, 34, 35, 36, 37, 58, 59, 60, 61, 62, 63, 73, 74, 75, 76, 77, 78, 79, 80, 81, 82, 83, 47, 48, 49, 50, 51, 52, 53, 54, 55, 56]"
1063850974345871360,"[123, 124, 125, 126, 127, 128, 129, 130, 131, 132, 133, 134, 135]",[],"[76, 77, 78, 79, 80, 81, 123, 124, 125, 126, 127, 128, 129, 130, 131, 132, 133, 134, 135, 150, 151, 152, 153, 154, 155, 156, 157, 158, 159]"
848281012127838208,"[58, 59, 60, 61, 62, 63, 64, 65, 66, 67, 68, 26, 27, 28, 29, 30]","[26, 27, 28, 29, 30]","[26, 27, 28, 29, 30]"
1063218308256800768,"[17, 18, 19, 20, 21, 22, 23, 25, 26, 27, 28, 29, 38, 39, 40, 41, 42, 44, 45, 46, 47]","[17, 18, 19, 20, 21, 22, 23, 13, 14, 15]","[13, 14, 15, 17, 18, 19, 20, 21, 22, 23, 25, 26, 27, 28, 29]"
1062686582132613120,"[12, 13, 14, 15, 16, 17, 80, 81, 82, 83, 85, 86, 87, 88, 89, 90, 36, 37, 38, 39, 40, 41, 42, 43, 44, 45, 46, 66, 67, 68, 69, 70]","[85, 86, 87, 88, 89, 90]","[12, 13, 14, 15, 16, 17, 85, 86, 87, 88, 89, 90, 66, 67, 68, 69, 70]"
1063384339784847360,"[14, 15, 16, 17, 18, 19]","[14, 15, 16, 17, 18, 19]",
1123491265281130496,"[23, 24, 25, 26]","[23, 24, 25, 26, 27, 28, 29, 30, 31, 32, 33]","[23, 24, 25, 26, 28, 29, 30, 31, 32, 33]"
1266846958347530243,"[38, 39, 40, 41, 42, 43]","[38, 39, 40, 41, 42, 43, 56, 57, 58]","[38, 39, 40, 41, 42, 43, 56, 57, 58]"
1061941997131522049,"[67, 68, 69, 70, 71, 72, 73]","[67, 68, 69, 70, 71, 72, 73]",
1168085615507845120,"[14, 15, 16]","[14, 15]","[14, 15, 16, 17, 18, 19, 20, 21, 22, 23, 73, 74, 75, 76, 77, 78, 79, 80, 81, 82, 83, 84]"
1061927652150439936,"[40, 41]","[40, 41]",
1002608937240231937,"[21, 22, 23, 24, 25, 26, 27]","[21, 22, 23, 24, 25, 26, 27]",
1061983057752850432,"[69, 70, 71, 72, 73, 74, 75, 76, 77, 78, 33, 34, 35, 36, 37, 38, 39, 40, 41, 42, 43]","[33, 34, 35, 36, 37, 38, 39, 40, 41, 42, 43]","[69, 70, 71, 72, 73, 74, 75, 76, 77, 78, 33, 34, 35, 36, 37, 38, 39, 40, 41, 42, 43]"
1061925577756762112,[],"[0, 1, 2, 3, 4, 5, 6, 7]","[0, 1, 2, 3, 4, 5, 6, 7]"
1062841210841247744,"[102, 103, 132, 133, 135, 136, 137, 167, 168, 170, 171, 172, 173, 174, 205, 206, 207]","[102, 103, 132, 133, 134, 135, 136, 137, 167, 168, 205, 206, 207]","[102, 103, 132, 133, 167, 168, 135, 136, 137, 205, 206, 207]"
1063813052431298560,"[109, 110, 111, 112, 113, 114]","[109, 110, 111, 112, 113, 114]",
1266282435144085508,"[16, 17, 18, 19, 20, 21]","[0, 1, 2, 3, 4, 5, 6, 7, 8, 9, 10, 11, 12, 13, 14, 15, 16, 17, 18, 19, 20, 21]","[16, 17, 18, 19, 20, 21]"
1064242322181947392,"[39, 40, 41, 42, 43, 44, 182, 183, 184, 185, 186]","[39, 40, 41, 42, 43, 44, 182, 183, 184, 185, 186]",
1266593894684336128,"[20, 21, 22, 23, 24, 26, 27, 28, 29, 30]","[20, 21, 22, 23, 24]","[26, 27, 28, 29, 30]"
1061944391999410177,"[59, 60, 61, 62, 63, 64, 65, 66, 67, 68, 69]","[59, 60, 61, 62, 63, 64, 65, 66, 67, 68, 69]",
1063788486212427778,"[13, 14, 15, 16, 34, 35, 36, 37, 49, 50, 51, 52]","[13, 14, 15, 16, 34, 35, 36, 37, 49, 50, 51, 52]",
1168077615107850240,"[114, 115, 116, 117, 118, 119]","[114, 115, 116, 117, 118, 119]",
1062005182882611201,"[47, 48, 49, 50, 51, 11, 12, 13, 14, 15, 16, 17, 18, 19, 21, 22, 23, 24, 25, 26, 27, 28, 29, 30, 0, 1, 2, 3, 4, 5, 6, 7, 8, 9]","[0, 1, 2, 3, 4, 5, 6, 7, 8, 9, 47, 48, 49, 50, 51]","[0, 1, 2, 3, 4, 5, 6, 7, 8, 9, 11, 12, 13, 14, 15, 16, 17, 18, 19, 47, 48, 49, 50, 51, 21, 22, 23, 24, 25, 26, 27, 28, 29, 30, 32, 33, 34, 35, 36, 37, 38, 39, 40, 41, 42, 43, 44, 45, 53, 54, 55, 56, 57, 58, 59, 60, 61]"
1266292722521894914,"[17, 18, 19, 20, 21, 22, 23, 25, 26, 27, 28, 29, 30, 31]","[0, 1, 2, 3, 4, 5, 6, 7, 8, 9, 10, 11, 12, 13, 14, 15, 16, 17, 18, 19, 20, 21, 22, 23, 24, 25, 26, 27, 28, 29, 30, 31]","[17, 18, 19, 20, 21, 22, 23, 25, 26, 27, 28, 29, 30, 31]"
1168075758390173696,"[44, 45, 46, 47, 48, 49, 50, 26, 27, 28, 29, 30, 31, 32, 33, 34]","[44, 45, 46, 47, 48, 49, 50]","[44, 45, 46, 47, 48, 49, 50, 26, 27, 28, 29, 30, 31, 32, 33, 34]"
1266579748689530880,"[213, 214, 215, 216, 217, 218, 219, 107, 108, 109, 110, 111, 112, 113, 114, 115]","[213, 214, 215, 216, 217, 218, 219]","[213, 214, 215, 216, 217, 218, 219, 107, 108, 109, 110, 111, 112, 113, 114, 115, 198, 199, 200, 201, 202, 203, 204, 205, 206, 207, 208, 209, 210, 211]"
1168072043759374336,"[121, 122, 123, 124, 125, 126, 127, 128, 129, 130, 131, 162, 163, 164, 165, 166, 167, 168, 169, 226, 227, 228, 229, 230, 231, 232, 233]","[98, 99, 100, 101, 102, 103, 104, 105, 106, 107, 121, 122, 123, 124, 125, 126, 127, 128, 129, 130, 131, 226, 227, 228, 229, 230, 231, 232, 233, 211, 212, 213, 214, 215, 216, 217]","[98, 99, 100, 101, 102, 103, 104, 105, 106, 107, 121, 122, 123, 124, 125, 126, 127, 128, 129, 130, 131, 162, 163, 164, 165, 166, 167, 168, 169, 226, 227, 228, 229, 230, 231, 232, 233]"
1266336575178366976,"[20, 21, 22, 23, 24, 25, 26, 28, 29, 30, 31, 32]","[20, 21, 22, 23, 24, 25, 26]","[20, 21, 22, 23, 24, 25, 26, 28, 29, 30, 31, 32]"
1062065259400359936,"[35, 36, 37, 38]","[48, 49, 50, 51, 35, 36, 37, 38]","[35, 36, 37, 38, 48, 49, 50, 51]"
1123492865122947072,[],"[6, 7, 8, 9, 10, 11]","[6, 7, 8, 9, 10, 11]"
1061756680642408449,"[13, 14, 15, 16, 17, 18, 69, 70, 71, 72, 73, 74, 75, 40, 41, 42, 43, 44, 85, 86, 87, 88, 89, 90, 91, 93, 94, 95, 96, 98, 100, 101, 102, 103]","[13, 14, 15, 16, 17, 18, 69, 70, 71, 72, 73, 74, 75]","[69, 70, 71, 72, 73, 74, 75, 13, 14, 15, 16, 17, 18]"
1266688604182589440,"[70, 71, 72, 73, 74, 75, 30, 31, 32, 33, 34, 35, 36, 109, 110, 111, 112, 113, 114, 115, 116]","[6, 7, 8, 9, 10, 11, 12, 6, 7, 8, 9, 10, 11, 12, 13, 14, 15, 30, 31, 32, 33, 34, 35, 36, 70, 71, 72, 73, 74, 75, 109, 110, 111, 112, 113, 114, 115, 116]","[6, 7, 8, 9, 10, 11, 12, 30, 31, 32, 33, 34, 35, 36, 70, 71, 72, 73, 74, 75, 109, 110, 111, 112, 113, 114, 115, 116]"
1064863317120946177,"[37, 38, 39, 40, 42, 43, 44, 45, 46, 47, 48, 49, 50]",[],"[37, 38, 39, 40, 42, 43, 44, 45, 46, 47, 48, 49, 50]"
1002605008951676928,"[39, 40, 41, 42, 43, 86, 87, 88, 89, 90, 91, 92]","[39, 40, 41, 42, 43, 86, 87, 88, 89, 90, 91, 92, 93, 94, 95, 96, 97, 98]","[86, 87, 88, 89, 90, 91, 92, 39, 40, 41, 42, 43]"
1168073447265714177,"[118, 119, 120, 121, 122, 124, 125, 126, 127, 128, 129, 130, 131, 132, 133]","[118, 119, 120, 121, 122]","[118, 119, 120, 121, 122, 124, 125, 126, 127, 128, 129, 130, 131, 132, 133]"
1063773425049702401,"[13, 14, 15, 16, 40, 41, 42, 43, 61, 62, 63, 64, 67, 68, 69, 70, 73, 74, 75]","[13, 14, 15, 16, 40, 41, 42, 43, 61, 62, 63, 64, 67, 68, 69, 70, 73, 74, 75]",
1266646111692955648,"[222, 223, 224, 225, 226, 227, 228, 229, 230, 231, 232, 266, 267, 268, 269, 270, 271, 272, 273, 274, 275, 276, 277]","[266, 267, 268, 269, 270, 271, 272, 273, 274, 275, 276, 277]","[266, 267, 268, 269, 270, 271, 272, 273, 274, 275, 276, 277, 222, 223, 224, 225, 226, 227, 228, 229, 230, 231, 232, 34, 35, 36, 37, 38, 39, 40, 41, 42, 43]"
1168080482485121025,"[29, 30, 31, 32, 33, 34, 35, 36, 276, 277, 278, 279, 280, 157, 158, 159, 160, 161, 163, 164, 165, 166, 167, 168, 282, 283, 284, 285]","[29, 30, 31, 32, 33, 34, 35, 36]","[29, 30, 31, 32, 33, 34, 35, 36]"
1266596924892872704,"[82, 83, 84, 85, 86, 87, 88, 89, 90, 91, 92, 93, 94, 95, 96, 97, 65, 66, 67, 68, 69, 70, 71, 72, 73, 74, 75, 76, 77]",[],"[65, 66, 67, 68, 69, 70, 71, 72, 73, 74, 75, 76, 77, 82, 83, 84, 85, 86, 87]"
1002605894071439362,"[39, 40, 41, 42, 43, 44, 45, 46, 47, 53, 54, 55, 56, 57, 58, 59, 60]","[43, 44, 45, 46, 47, 53, 54, 55, 56, 57, 58, 59, 60]","[43, 44, 45, 46, 47, 53, 54, 55, 56, 57, 58, 59, 60]"
1168081696249565184,[],[],
1266724872438403078,"[29, 30, 31, 32, 33, 34, 35, 36, 38, 39, 40, 41, 42, 43, 45, 46, 47, 48, 49]",[],"[38, 39, 40, 41, 42, 43, 45, 46, 47, 48, 49]"
1267224005498503170,"[13, 14, 15, 16, 40, 41, 42, 43, 67, 68, 69, 70]","[13, 14, 15, 16, 40, 41, 42, 43, 67, 68, 69, 70]",
1062776846549434368,"[13, 14, 15, 16, 49, 50, 51, 52, 76, 77, 78, 79]","[13, 14, 15, 16, 49, 50, 51, 52, 76, 77, 78, 79]",
1002555087946952704,"[32, 33, 34, 35, 36]","[28, 29, 30, 31, 32, 33, 34, 35, 36]","[32, 33, 34, 35, 36]"
1065136155363037184,"[83, 84, 85, 86, 87, 88, 89, 90, 91, 77, 78, 79, 80, 81, 94, 95, 96, 97, 98, 99, 100]","[77, 78, 79, 80, 81, 94, 95, 96, 97, 98, 99, 100]","[77, 78, 79, 80, 81, 94, 95, 96, 97, 98, 99, 100, 83, 84, 85, 86, 87, 88, 89, 90, 91]"
1269051013778018304,"[13, 14, 15, 16, 49, 50, 51, 52, 85, 86, 87, 88]","[13, 14, 15, 16, 49, 50, 51, 52, 85, 86, 87, 88]",
1061816539425443841,"[7, 8, 9, 10, 11, 13, 14, 15]","[7, 8, 9, 10, 11, 12, 13, 14, 15]","[7, 8, 9, 10, 11, 13, 14, 15]"
1062776861825089537,"[13, 14, 15, 16, 40, 41, 42, 43, 67, 68, 69, 70, 121, 122, 123, 124, 112, 113, 114, 115, 116, 117, 118]","[13, 14, 15, 16, 40, 41, 42, 43, 67, 68, 69, 70, 121, 122, 123, 124]","[13, 14, 15, 16, 40, 41, 42, 43, 67, 68, 69, 70, 121, 122, 123, 124]"
1065226295435554816,"[17, 18, 19, 20, 21, 22, 23, 24, 25, 89, 90, 91, 92, 97, 98, 99, 168, 169, 170, 171, 172, 173, 174, 175]","[5, 6, 7, 8, 9, 10, 11, 12, 13, 14, 15, 16, 17, 18, 19, 20, 21, 22, 23, 24, 25, 89, 90, 91, 92, 97, 98, 99, 168, 169, 170, 171, 172, 173, 174, 175]","[5, 6, 7, 8, 9, 10, 11, 12, 13, 14, 15, 17, 18, 19, 20, 21, 22, 23, 24, 25, 89, 90, 91, 92, 97, 98, 99, 168, 169, 170, 171, 172, 173, 174, 175]"
1063213445842120705,"[16, 17, 18, 19, 43, 44, 45, 46, 78, 79, 80, 81, 82, 83, 101, 102, 103, 104, 71, 72, 73, 74, 75, 76]","[16, 17, 18, 19, 43, 44, 45, 46, 71, 72, 73, 74, 75, 76, 78, 79, 80, 81, 82, 83, 101, 102, 103, 104]","[16, 17, 18, 19, 43, 44, 45, 46, 71, 72, 73, 74, 75, 76, 78, 79, 80, 81, 82, 83]"
1062778600141869057,"[12, 13, 14, 15, 16, 17]","[12, 13, 14, 15, 16, 17]",
1061967538576211971,"[7, 8, 9, 10, 11, 12, 14, 15, 16]","[7, 8, 9, 10, 11, 12, 13, 14, 15, 16]","[7, 8, 9, 10, 11, 12, 14, 15, 16]"
667328218777653250,[],[],
1266345324882415624,"[45, 46, 47, 48, 49, 51, 52, 53, 54]",[],"[45, 46, 47, 48, 49]"
1063788600318410752,"[13, 14, 15, 16, 40, 41, 42, 43, 76, 77, 78, 79]","[13, 14, 15, 16, 40, 41, 42, 43, 76, 77, 78, 79]",
1266693341196009473,"[13, 14, 15, 16, 17, 18, 19, 20, 29, 30, 31, 32, 33, 34, 35]","[29, 30, 31, 32, 33, 34, 35, 13, 14, 15, 16, 17, 18, 19, 20]","[29, 30, 31, 32, 33, 34, 35, 13, 14, 15, 16, 17, 18, 19, 20]"
1061819063578607616,"[7, 8, 9, 10, 11, 12, 14, 15, 16]","[7, 8, 9, 10, 11, 12, 13, 14, 15, 16]","[7, 8, 9, 10, 11, 12, 14, 15, 16]"
1266156855589470210,"[43, 44, 45, 46]","[43, 44, 45, 46]",
1061997644879486981,"[136, 137, 138, 139, 140, 141, 142, 143, 144, 145, 153, 154, 155, 156, 157, 158, 159]","[136, 137, 138, 139, 140, 141, 142, 143, 144, 145, 146, 147, 148, 149, 150, 151]","[136, 137, 138, 139, 140, 141, 142, 143, 144, 145, 112, 113, 114, 115, 116, 117, 118, 119, 120, 121, 122]"
1266755922631720962,"[13, 14, 15, 16, 40, 41, 42, 43, 76, 77, 78, 79]","[13, 14, 15, 16, 40, 41, 42, 43, 76, 77, 78, 79]",
1002598065243648000,"[28, 29, 30, 31, 32, 33, 34, 35, 36, 37, 64, 65, 66, 207, 208, 209, 210, 211, 212, 213, 214, 215, 216, 217, 218, 220, 221, 222]","[28, 29, 30, 31, 32, 33, 34, 35, 36, 37, 64, 65, 66]","[64, 65, 66, 28, 29, 30, 31, 32, 33, 34, 35, 36, 37]"
1267208937914449921,"[13, 14, 15, 16, 49, 50, 51, 52, 76, 77, 78, 79]","[13, 14, 15, 16, 49, 50, 51, 52, 76, 77, 78, 79]",
1266334520942268417,"[12, 13, 14, 15, 16, 17, 18, 19, 20, 21]","[12, 13, 14, 15, 16, 17, 18, 19, 20, 21]",
848279901841084418,"[78, 79, 80, 81, 82, 83]","[78, 79, 80, 81, 82, 83]",
1063561993637031936,"[13, 14, 15, 16, 49, 50, 51, 52, 85, 86, 87, 88]","[13, 14, 15, 16, 49, 50, 51, 52, 85, 86, 87, 88]",
1062652213904990209,"[31, 32, 33, 34, 35, 36, 37, 38, 39, 69, 70, 71, 72, 73, 74, 75, 76, 77]","[31, 32, 33, 34, 35, 36, 37, 38, 39, 69, 70, 71, 72, 73, 74, 75, 76, 77]",
1063051874679619585,"[31, 32, 33, 34, 35, 36, 37, 38, 39, 62, 63, 64, 65, 66, 68, 69, 70, 71, 72, 74, 75, 76, 77, 78, 79, 101, 102, 103, 104, 105, 106, 107, 108, 109]","[31, 32, 33, 34, 35, 36, 37, 38, 39, 101, 102, 103, 104, 105, 106, 107, 108, 109]","[18, 19, 20, 21, 22, 23, 24, 25, 26, 27, 28, 29, 31, 32, 33, 34, 35, 36, 37, 38, 39, 90, 91, 92, 93, 94, 95, 96, 97, 98, 101, 102, 103, 104, 105, 106, 107, 108, 109]"
1064497089273577472,"[25, 26, 27, 28, 29, 30, 31, 32, 34, 35, 36, 37, 38, 39, 46, 47, 48, 49]","[25, 26, 27, 28, 29, 30, 31, 32]","[25, 26, 27, 28, 29, 30, 31, 32, 60, 61, 62, 63, 64, 65, 66, 67]"
1002608961001050112,"[12, 13, 14, 15, 16, 17, 18, 19, 20, 21, 81, 82, 83, 84, 85, 86]","[81, 82, 83, 84, 85, 86]","[12, 13, 14, 15, 16, 17, 18, 19, 20, 21, 81, 82, 83, 84, 85, 86]"
667097019958337537,"[24, 25, 26, 27, 28, 29, 34, 35, 36, 37, 38, 39, 40, 41, 42, 43, 44, 45, 47, 48, 49, 50, 51, 81, 82, 83, 84, 85, 86, 87]",[],"[24, 25, 26, 27, 28, 29, 34, 35, 36, 37, 38, 39, 40, 41, 42, 43, 44, 45]"
1065304570216280066,"[19, 20, 21, 22, 23, 24]","[19, 20, 21, 22, 23, 24]",
1062809024196960257,"[6, 7, 8, 9, 10, 11]","[6, 7, 8, 9, 10, 11]",
1268280976385466369,"[13, 14, 15, 16, 40, 41, 42, 43, 55, 56, 57, 58, 59, 60]","[13, 14, 15, 16, 40, 41, 42, 43]","[13, 14, 15, 16, 40, 41, 42, 43]"
1061876915508781063,"[7, 8, 9, 10, 11, 12, 14, 15, 16]","[7, 8, 9, 10, 11, 12, 13, 14, 15, 16]","[7, 8, 9, 10, 11, 12, 14, 15, 16]"
1267017583787683840,"[26, 27, 28]",[],"[88, 89, 90, 91, 92, 93]"
1267014023951929345,"[16, 17, 18]","[30, 31, 32, 33]","[30, 31, 32, 33]"
1062838268700561411,"[126, 127, 170, 171, 172, 173, 174, 175, 136, 137, 138, 139, 140, 141]","[126, 127, 136, 137, 138, 139, 140, 141, 170, 171, 172, 173, 174, 175]","[126, 127, 136, 137, 138, 139, 140, 141, 170, 171, 172, 173, 174, 175]"
1267178707820650498,"[13, 14, 15, 16, 57, 58, 59, 60]","[13, 14, 15, 0, 1, 2, 3, 4, 5]","[13, 14, 15, 16, 57, 58, 59, 60]"
1062057660495863808,"[57, 58, 59, 60, 61]","[57, 58, 59, 60, 61]",
1266234588503949312,[],[],
1268658427846430722,"[13, 14, 15, 16, 49, 50, 51, 52, 85, 86, 87, 88, 99, 100, 101]","[13, 14, 15, 16, 49, 50, 51, 52, 85, 86, 87, 88]","[13, 14, 15, 16, 49, 50, 51, 52, 85, 86, 87, 88]"
1061996921252917248,"[113, 114, 115, 116, 117, 118, 119, 120, 121, 122, 123, 124, 125, 126, 104, 105, 106, 107, 108, 109, 110, 111]","[113, 114, 115, 116, 117, 118, 119, 120, 121, 122, 123, 124, 125, 126, 104, 105, 106, 107, 108, 109, 110, 111]",
1064612026117443584,[],"[63, 64, 65, 66, 67, 68, 69, 70]","[63, 64, 65, 66, 67, 68, 69, 70]"
1168079283870416898,"[19, 20, 21, 22, 23, 24, 25, 26, 27, 28]","[19, 20, 21, 22, 23, 24, 25, 26, 27, 28]",
1123495964541685760,"[34, 35, 36, 37, 38, 39, 40]","[34, 35, 36, 37, 38, 39, 40, 41]","[34, 35, 36, 37, 38, 39, 40, 41]"
1062636580245004288,"[20, 21, 22, 23, 24, 25, 26, 27, 4, 5, 6, 7, 8, 9, 10, 52, 53, 54, 55, 67, 68, 69, 70, 71, 72, 73, 74, 75, 76, 77, 78, 79, 80, 81, 57, 58, 59, 60, 61, 62, 63, 64, 65, 35, 36, 37, 38, 39, 40, 41, 42, 43]","[0, 1, 2, 3, 4, 5, 6, 7, 8, 9, 10, 35, 36, 37, 38, 39, 40, 41, 42, 43, 44, 45, 46, 47, 48, 49, 50, 52, 53, 54, 55, 57, 58, 59, 60, 61, 62, 63, 64, 65, 67, 68, 69, 70, 71, 72, 73, 74, 75, 76, 77, 78, 79, 80, 81]","[4, 5, 6, 7, 8, 9, 10, 35, 36, 37, 38, 39, 40, 41, 42, 43, 57, 58, 59, 60, 61, 62, 63, 64, 65, 52, 53, 54, 55, 67, 68, 69, 70, 71, 72, 73, 74, 75, 76, 77, 78, 79, 80, 81]"
1062007349597081601,"[112, 113, 114, 115, 116, 117, 261, 262, 263, 264, 265, 266, 267, 268, 269, 270, 271]","[261, 262, 263, 264, 265, 266, 267, 268, 269, 270, 271, 272]","[112, 113, 114, 115, 116, 117, 97, 98, 99, 100, 101, 102, 103, 104, 105, 106, 107, 108, 109, 110, 261, 262, 263, 264, 265, 266, 267, 268, 269, 270, 271, 272]"
1061958915997515782,"[93, 94, 95, 96, 97, 98, 99, 100, 101, 102, 103, 104, 105, 106, 107, 108, 124, 125, 126, 127, 128, 129, 130, 234, 235, 236, 237, 238, 239]","[124, 125, 126, 127, 128, 129, 130]","[124, 125, 126, 127, 128, 129, 130, 93, 94, 95, 96, 97, 98, 99, 100, 101, 102, 103, 104, 105, 106, 107, 108, 234, 235, 236, 237, 238, 239, 207, 208, 209, 210, 211, 212, 213, 214, 215, 216, 217, 218, 219, 220]"
1123487481331163136,"[13, 14, 15, 16, 17, 4, 5, 6, 7, 8, 9, 10, 11, 90, 91, 92, 93, 109, 110, 111, 112, 113, 114, 115]","[90, 91, 92, 93, 94, 95, 96, 97, 98, 99, 100]","[13, 14, 15, 16, 17, 90, 91, 92, 93, 95, 96, 97, 98, 99, 100]"
1269051027656974337,"[13, 14, 15, 16, 40, 41, 42, 43, 76, 77, 78, 79]","[13, 14, 15, 16, 40, 41, 42, 43, 76, 77, 78, 79]",
1061921606757433345,"[120, 121, 122, 123, 124, 125, 126, 127, 128, 99, 100, 101, 102, 103, 104, 105, 106, 107, 108, 109, 110, 11, 12, 13, 14, 15, 16, 17, 18]","[99, 100, 101, 102, 103, 104, 105, 106, 107, 108, 109, 110, 120, 121, 122, 123, 124, 125, 126, 127, 128, 129, 130, 131, 132, 133]","[11, 12, 13, 14, 15, 16, 17, 18, 99, 100, 101, 102, 103, 104, 105, 106, 107, 108, 109, 110, 120, 121, 122, 123, 124, 125, 126, 127, 128, 130, 131, 132, 133]"
1266613969999073280,"[6, 7, 8, 9, 10, 11, 12, 13, 14, 15, 69, 70, 71, 72, 73, 74, 75, 76, 77, 78, 79]","[6, 7, 8, 9, 10, 11, 12, 13, 14, 15]","[6, 7, 8, 9, 10, 11, 12, 13, 14, 15, 69, 70, 71, 72, 73, 74, 75, 76, 77, 78, 79, 260, 261, 262, 263, 264, 265, 266, 267, 268, 269, 270, 271]"
1063397273210630144,"[54, 55, 56, 57, 58, 59, 60, 61, 62, 63, 10, 11, 12, 13]","[10, 11, 12, 13, 54, 55, 56, 57, 58, 59, 60, 61, 62, 63]","[10, 11, 12, 13, 54, 55, 56, 57, 58, 59, 60, 61, 62, 63]"
1063128360103100416,"[82, 83, 84, 85, 86, 88, 89, 90, 91, 92, 93, 94, 95, 96, 97, 197, 198, 199, 200, 201, 202, 203, 204, 205, 206, 207]","[82, 83, 84, 85, 86, 88, 89, 90, 91, 92, 93, 94, 95, 96, 97, 125, 126, 127, 128, 129, 197, 198, 199, 200, 201, 202, 203, 204, 205, 206, 207]","[82, 83, 84, 85, 86, 88, 89, 90, 91, 92, 93, 94, 95, 96, 97, 197, 198, 199, 200, 201, 202, 203, 204, 205, 206, 207, 192, 193, 194, 195, 99, 100, 101, 102, 103, 104, 106, 107, 108, 109, 110, 111, 112, 113, 125, 126, 127, 128, 129, 168, 169, 170, 171]"
1266755891690422274,"[13, 14, 15, 16, 49, 50, 51, 52, 85, 86, 87, 88]","[13, 14, 15, 16, 49, 50, 51, 52, 85, 86, 87, 88]",
1267208994659106817,"[13, 14, 15, 16, 40, 41, 42, 43, 76, 77, 78, 79]","[13, 14, 15, 16, 40, 41, 42, 43, 76, 77, 78, 79]",
1062087720338628614,"[50, 51, 52, 53, 54, 55, 56, 57, 58]","[50, 51, 52, 53, 54, 55, 56, 57, 58]",
1063135017134682112,"[12, 13, 14, 15, 16, 17, 18, 19, 20]","[12, 13, 14, 15, 16, 17, 18, 19, 20]",
848082697717252096,[],[],
1266402065431093249,"[128, 129, 130, 131, 132, 140, 141, 142, 143, 144, 145, 146, 270, 271, 272, 273, 27, 28, 29, 30, 31, 32, 33]",[],"[213, 214, 215, 216, 217, 218, 270, 271, 272, 273]"
1266680782917193728,"[50, 51, 52, 100, 101, 102, 103, 104, 105, 106]","[100, 101, 102, 103, 104, 105, 106, 262, 263, 264, 265, 266, 267, 268]","[50, 51, 52, 100, 101, 102, 103, 104, 105, 106, 262, 263, 264, 265, 266, 267, 268]"
1266600160722915330,"[55, 56, 57, 58, 59, 60, 61, 62, 63, 64, 65, 124, 125, 126, 127, 128, 129]","[38, 39, 40, 41, 42, 124, 125, 126, 127, 128, 129]","[55, 56, 57, 58, 59, 60, 61, 62, 63, 64, 65, 124, 125, 126, 127, 128, 129]"
1063196530746761217,"[20, 21, 23, 24, 25, 26, 27, 28, 29]","[20, 21, 22, 23, 24, 25, 26, 27, 28, 29]","[20, 21, 23, 24, 25, 26, 27, 28, 29]"
1063181652535451648,"[13, 14, 16, 17, 18, 19, 20, 21, 22, 58, 59, 60, 61, 62, 64, 65, 66, 67, 68, 69, 127, 128, 129, 130, 131, 132]","[13, 14, 15, 16, 17, 18, 19, 20, 21, 22, 64, 65, 66, 67, 68, 69, 127, 128, 129, 130, 131, 132]","[13, 14, 16, 17, 18, 19, 20, 21, 22, 58, 59, 60, 61, 62, 64, 65, 66, 67, 68, 69, 127, 128, 129, 130, 131, 132]"
1267020539350171648,"[35, 36, 37, 38, 39, 40]","[35, 36, 37, 38, 39, 40]",
1061991915669913603,"[40, 41, 42, 43, 44, 45, 46, 47, 48, 49, 57, 58, 59, 60, 61, 62, 110, 111, 112, 113, 114, 115, 116, 117, 118, 119, 120, 127, 128, 129, 130, 131, 132]","[110, 111, 112, 113, 114, 115, 116, 117, 118, 119, 120]","[40, 41, 42, 43, 44, 45, 46, 47, 48, 49, 57, 58, 59, 60, 61, 62, 110, 111, 112, 113, 114, 115, 116, 117, 118, 119, 120, 127, 128, 129, 130, 131, 132]"
1267534948652769283,"[118, 119, 120, 121, 122, 123, 124, 125, 126, 170, 171, 172, 173, 174, 175, 176]",[],"[118, 119, 120, 121, 122, 123, 124, 125, 126]"
1064781085643554816,"[6, 7, 8, 9, 11, 12, 13, 14, 37, 38, 39, 40]","[6, 7, 8, 9, 10, 11, 12, 13, 14, 37, 38, 39, 40]","[6, 7, 8, 9, 11, 12, 13, 14, 37, 38, 39, 40]"
1266367795815571457,[],"[221, 222, 223, 224, 225, 226, 227, 228, 229, 230]","[221, 222, 223, 224, 225, 226, 227, 228, 229, 230]"
1061986914247589888,"[58, 59, 60, 61, 63, 64, 65, 66, 67, 68, 69, 48, 49, 50, 51, 52, 53, 54, 55, 56, 85, 86, 87, 88, 89, 90, 93, 94, 95, 96, 97, 98, 103, 104, 105, 106, 107, 108, 125, 126, 127, 128, 129, 130, 131, 132, 133, 134, 135, 136, 137, 138, 139, 140, 141, 142, 143, 144, 145, 146]","[12, 13, 14, 15, 16, 17, 18, 48, 49, 50, 51, 52, 53, 54, 55, 56, 57, 58, 59, 60, 61, 62, 63, 64, 65, 66, 67, 68, 69, 125, 126, 127, 128, 129, 130, 131, 132, 133, 134, 135, 136, 137, 138, 139, 140, 141, 142, 143, 144, 145, 146]","[135, 136, 137, 138, 139, 140, 141, 142, 143, 144, 145, 146, 125, 126, 127, 128, 129, 130, 131, 132, 133, 134, 165, 166, 167, 168, 169, 170, 171, 172, 176, 177, 178, 179, 180, 181, 182, 183]"
1266160854204121090,"[18, 19, 20, 21, 22, 23, 24, 31, 32, 33, 34, 35, 36, 42, 43, 44, 45, 61, 62, 63, 64, 65, 66, 67, 68]","[31, 32, 33, 34, 35, 36, 135, 136, 137, 138, 139, 140, 141, 142, 143, 144, 145, 146, 147, 148]","[31, 32, 33, 34, 35, 36, 135, 136, 137, 138, 139, 140, 141, 142, 143, 144, 145, 146, 147, 148]"
1266147078247452674,"[38, 39, 40, 41, 42, 43, 44, 57, 58, 59, 60, 61, 62, 63, 64, 65]","[38, 39, 40, 41, 42, 43, 44]","[38, 39, 40, 41, 42, 43, 44]"
1062045555961053184,"[7, 8, 9, 10, 11, 13, 14, 15]","[7, 8, 9, 10, 11, 12, 13, 14, 15]","[7, 8, 9, 10, 11, 13, 14, 15]"
1002601066540752896,"[12, 13, 14]","[12, 13, 14]",
1061957135494451200,"[140, 141, 142, 143, 144, 145, 146, 198, 199, 200, 201, 202, 203, 204, 205, 206]","[140, 141, 142, 143, 144, 145, 146]","[140, 141, 142, 143, 144, 145, 146]"
1002605601493528576,"[124, 125, 126, 127, 128, 130, 131, 132, 133]","[124, 125, 126, 127, 128, 129, 130, 131, 132, 133]","[124, 125, 126, 127, 128, 130, 131, 132, 133]"
1062001870351278081,"[12, 13, 14, 15, 16, 17, 18, 19, 20, 21, 22, 24, 25, 26, 27, 28, 29, 30, 53, 54, 55, 56, 57]",[],"[12, 13, 14, 15, 16, 17, 18, 19, 20, 21, 22, 24, 25, 26, 27, 28, 29, 30]"
1062006064089047040,"[52, 53, 91, 92, 93, 94, 95, 96, 97, 99, 100, 101, 102, 103, 104, 32, 33, 34, 35, 36, 37, 18, 19, 20]","[18, 19, 20, 52, 53, 91, 92, 93, 94, 95, 96, 97, 98, 99, 100, 101, 102, 103, 104]","[18, 19, 20, 52, 53, 91, 92, 93, 94, 95, 96, 97, 99, 100, 101, 102, 103, 104]"
1063577127893774336,"[13, 14, 15, 16, 40, 41, 42, 43, 67, 68, 69, 70]","[13, 14, 15, 16, 40, 41, 42, 43, 67, 68, 69, 70]",
1266491031584980992,"[9, 10, 11, 12, 13, 22, 23, 24, 25, 26, 27, 28, 29, 30, 31]","[9, 10, 11, 12, 13]","[9, 10, 11, 12, 13, 22, 23, 24, 25, 26, 27]"
1063017546796974080,"[61, 62, 63, 92, 93, 94, 95, 96, 97, 98, 32, 33, 34, 35, 36, 37, 38, 39, 40]","[61, 62, 63, 92, 93, 94, 95, 96, 97, 98]","[61, 62, 63, 92, 93, 94, 95, 96, 97, 98, 32, 33, 34, 35, 36, 37, 38, 39, 40]"
1061884509182926848,"[7, 8, 9, 11, 12, 13]","[7, 8, 9, 10, 11, 12, 13]","[7, 8, 9, 11, 12, 13]"
1168084529594155009,"[3, 4, 5, 6]",[],"[3, 4, 5, 6]"
1063777795883630592,"[109, 110, 111, 112, 113, 114, 119, 120, 121]",[],"[109, 110, 111, 112, 119, 120, 121]"
1064410921571950592,"[120, 121, 122, 123, 125, 126, 127, 128, 129, 130, 131]","[120, 121, 122, 123, 124, 125, 126, 127, 128, 129, 130, 131]","[120, 121, 122, 123, 125, 126, 127, 128, 129, 130, 131]"
1270062679139500032,"[13, 14, 15, 16, 49, 50, 51, 52, 101, 102, 103, 104, 107, 108, 109, 110, 111, 74, 75, 76, 77, 78, 94, 95, 96, 97, 98]","[13, 14, 15, 16, 49, 50, 51, 52, 101, 102, 103, 104, 74, 75, 76, 77, 78, 107, 108, 109, 110, 111, 114, 115, 116, 117, 118]","[13, 14, 15, 16, 49, 50, 51, 52, 101, 102, 103, 104, 94, 95, 96, 97, 98, 107, 108, 109, 110, 111, 74, 75, 76, 77, 78, 114, 115, 116, 117, 118]"
1061964155710816256,"[16, 17, 18, 19, 20, 21, 22, 23, 24]","[16, 17, 18, 19, 20, 21, 22, 23, 24]",
1064245076648448000,"[0, 1, 2, 3, 4, 5, 6, 7, 8, 9, 10]","[0, 1, 2, 3, 4, 5, 6, 7, 8, 9, 10]",
1002607378360164352,"[85, 86, 87, 88, 89, 90, 91, 92, 93, 94, 95]","[85, 86, 87, 88, 89, 90, 91, 92, 93, 94, 95]",
1064443618226786304,"[26, 27, 28, 29, 70, 71, 72, 73, 74, 75]","[26, 27, 28, 29, 70, 71, 72, 73, 74, 75]",
1065313426510135296,"[32, 33, 34, 35, 36, 37]","[32, 33, 34, 35, 36, 37]",
1063773386277642240,"[13, 14, 15, 16, 49, 50, 51, 52, 70, 71, 72, 73, 76, 77, 78, 79, 82, 83, 84]","[13, 14, 15, 16, 49, 50, 51, 52, 70, 71, 72, 73, 82, 83, 84, 76, 77, 78, 79]","[13, 14, 15, 16, 49, 50, 51, 52, 70, 71, 72, 73, 76, 77, 78, 79, 82, 83, 84]"
1267541064082173952,"[13, 14, 15, 16, 94, 95, 96, 97]","[13, 14, 15, 16, 94, 95, 96, 97]",
1065213907164377088,"[91, 92, 93, 94, 95, 96, 97, 98]","[91, 92, 93, 94, 95, 96, 97, 98]",
1061997761351110656,"[7, 8, 9, 10, 11, 12, 13, 14, 15, 17, 18, 19]","[7, 8, 9, 10, 11, 12, 13, 14, 15, 16, 17, 18, 19]","[7, 8, 9, 10, 11, 12, 13, 14, 15, 17, 18, 19]"
1266128536575905794,"[54, 55, 56, 57, 58, 59]",[],"[54, 55, 56, 57, 58, 59]"
1266713813883240449,"[56, 57, 58, 59, 60, 61]","[56, 57, 58, 59, 60, 61]",
840576175432957952,"[21, 22, 23, 24, 5, 6, 7, 8, 9, 10, 11, 12, 13, 14, 15, 16, 17, 18, 19]","[21, 22, 23, 24, 25, 26, 27, 28, 29, 30]","[5, 6, 7, 8, 9, 10, 11, 12, 13, 14, 15, 16, 17, 18, 19, 25, 26, 27, 28, 29, 30]"
1063395245054935040,"[28, 29, 30, 31]","[28, 29, 30, 31, 32, 33, 34, 35, 36, 37, 38]","[28, 29, 30, 31, 33, 34, 35, 36, 37, 38]"
1061920236319002624,"[16, 17, 18, 19, 20, 21]","[16, 17, 18, 19, 20, 21]",
1266309719821627392,"[12, 13, 14, 15, 16, 109, 110, 111, 112, 113, 180, 181, 182, 183, 184]","[12, 13, 14, 15, 16, 109, 110, 111, 112, 113]","[12, 13, 14, 15, 16, 109, 110, 111, 112, 113, 180, 181, 182, 183, 184]"
1266597463118528513,"[45, 46, 47, 48, 49, 50, 51, 58, 59, 60, 61, 62, 63, 64, 65, 66, 67, 68, 69, 70, 71, 72, 73, 79, 80, 81, 82, 83, 84, 85, 90, 91, 92, 93, 94, 95]",[],"[45, 46, 47, 48, 49, 50, 51, 58, 59, 60, 61, 62, 63]"
1063738764428787712,"[29, 30, 31, 32, 33, 34, 36, 37, 38, 39]","[48, 49, 50, 51, 52, 53, 54, 55, 56, 57, 58, 59, 60, 61, 62]","[15, 16, 17, 18, 19, 20, 21, 22, 23, 29, 30, 31, 32, 33, 34, 36, 37, 38, 39, 58, 59, 60, 61, 62]"
1061923627610841088,"[71, 72, 73, 128, 129, 130, 131, 132, 133, 197, 198, 199, 200, 201, 202, 203, 204, 205, 206, 207]","[71, 72, 73, 128, 129, 130, 131, 132, 133, 197, 198, 199, 200, 201, 202, 203, 204, 205, 206, 207]",
1266480640289103872,"[22, 23, 24, 25, 26, 27, 28, 29]","[22, 23, 24, 25, 26, 27, 28, 29]",
1063788557041569793,"[13, 14, 15, 16, 40, 41, 42, 43, 67, 68, 69, 70]","[13, 14, 15, 16, 40, 41, 42, 43, 67, 68, 69, 70]",
1075516191291203584,[],[],
1065224259763605514,"[65, 66, 67, 68, 69, 70, 71, 72, 73, 53, 54, 55, 56, 57, 58, 59, 60, 61, 62, 63]","[53, 54, 55, 56, 57, 58, 59, 60, 61, 62, 63, 64, 65, 66, 67, 68, 69, 70, 71, 72, 73]","[53, 54, 55, 56, 57, 58, 59, 60, 61, 62, 63, 65, 66, 67, 68, 69, 70, 71, 72, 73]"
1002600227021508609,"[7, 8, 9, 10, 11, 12, 13, 14, 120, 121, 122, 123, 124, 125, 126, 127, 128, 130, 131, 132, 133, 134, 135, 136, 138, 139, 140, 141]","[7, 8, 9, 10, 11, 12, 13, 14, 120, 121, 122, 123, 124, 125, 126, 127, 128, 129, 130, 131, 132, 133, 134, 135, 136, 137, 138, 139, 140, 141, 142]","[7, 8, 9, 10, 11, 12, 13, 14, 120, 121, 122, 123, 124, 125, 126, 127, 128, 130, 131, 132, 133, 134, 135, 136, 138, 139, 140, 141]"
1002598318898335744,"[54, 55, 56, 57, 69, 70, 71, 72, 73]","[54, 55, 56, 57, 69, 70, 71, 72, 73]",
1168085108794019840,"[34, 35, 36, 37, 155, 156, 157, 158, 159, 160, 161, 162, 163, 165, 166, 167, 168, 169, 170, 171, 172, 173, 174, 187, 188, 189, 190, 191, 192]","[34, 35, 36, 37, 165, 166, 167, 168, 169, 170, 171, 172, 173, 174, 187, 188, 189, 190, 191, 192]","[34, 35, 36, 37, 165, 166, 167, 168, 169, 170, 171, 172, 173, 174, 187, 188, 189, 190, 191, 192]"
1075091658927149056,"[12, 13, 14, 15, 16, 17, 18, 19, 20, 138, 139, 140, 141, 142, 143, 144, 145, 146]",[],"[67, 68, 69, 70, 71, 72, 73, 74, 75, 76, 77, 78, 83, 84, 85, 86, 87, 88, 89, 90, 91, 92, 138, 139, 140, 141, 142, 143, 144, 145, 146, 12, 13, 14, 15, 16, 17, 18, 19, 20, 30, 31, 32, 33, 34, 35, 36]"
1002597632496238592,"[161, 162, 163, 164, 165, 166, 167, 168, 169, 170]","[50, 51, 52, 53, 54, 55, 172, 173, 174, 175, 176, 177, 178]","[50, 51, 52, 53, 54, 55, 161, 162, 163, 164, 165, 166, 167, 168, 169, 170]"
1063755239663304704,"[21, 22, 23, 24, 25, 26, 27, 28, 29]","[21, 22, 23, 24, 25, 26, 27, 28, 29]",
1061794518658441216,"[18, 19, 20]","[18, 19, 20]",
1064139528682774528,"[67, 68, 69, 70, 71, 72, 73, 74, 75, 76, 77, 114, 115, 116, 117, 118, 119, 120, 138, 139, 140, 141, 142, 143]","[67, 68, 69, 70, 71, 72, 73, 74, 75, 76, 77, 114, 115, 116, 117, 118, 119, 120, 138, 139, 140, 141, 142, 143]",
1266261521622904840,"[73, 74, 75, 76, 77, 78, 79, 80, 87, 88, 89, 90, 91, 92]","[73, 74, 75, 76, 77, 78, 79, 80, 87, 88, 89, 90, 91, 92]",
1062704286008832000,"[61, 62, 63, 64, 65, 66, 91, 92, 93, 94, 95, 96, 185, 186, 198, 199, 201, 202, 203, 204]","[61, 62, 63, 64, 65, 66, 91, 92, 93, 94, 95, 96, 185, 186, 198, 199, 200, 201, 202, 203, 204]","[61, 62, 63, 64, 65, 66, 91, 92, 93, 94, 95, 96, 75, 76, 77, 78, 79, 80, 81, 82, 185, 186, 198, 199, 201, 202, 203, 204]"
1062004427450671106,"[90, 91, 92, 93, 94, 95, 33, 34, 35, 36, 37, 38, 39, 40, 41, 42, 43, 137, 138, 139, 140]","[33, 34, 35, 36, 37, 38, 39, 40, 41, 42, 43, 90, 91, 92, 93, 94, 95, 137, 138, 139, 140]","[33, 34, 35, 36, 37, 38, 39, 40, 41, 42, 43, 79, 80, 81, 82, 83, 84, 85, 90, 91, 92, 93, 94, 95, 137, 138, 139, 140]"
1266274657910394881,"[6, 7, 8, 9, 10, 11]","[6, 7, 8, 9, 10, 11]",
1063562016894476288,"[13, 14, 15, 16, 40, 41, 42, 43, 67, 68, 69, 70, 95, 96, 97, 98, 99, 136, 137, 138, 139]","[13, 14, 15, 16, 40, 41, 42, 43, 67, 68, 69, 70, 136, 137, 138, 139, 95, 96, 97, 98, 99]","[13, 14, 15, 16, 40, 41, 42, 43, 67, 68, 69, 70, 136, 137, 138, 139]"
1062012866025476097,"[0, 1, 2]","[0, 1, 2]",
1062088359231795200,"[7, 8, 9, 10, 11, 12, 14, 15, 16]","[7, 8, 9, 10, 11, 12, 13, 14, 15, 16]","[7, 8, 9, 10, 11, 12, 14, 15, 16]"
1063788547470237696,"[13, 14, 15, 16, 49, 50, 51, 52, 76, 77, 78, 79, 97, 98, 99, 100]","[13, 14, 15, 16, 49, 50, 51, 52, 76, 77, 78, 79, 97, 98, 99, 100]",
1266679027324116992,"[220, 221, 222, 223, 224, 225, 226, 227]","[220, 221, 222, 223, 224, 225, 226, 227]",
1168080586025689099,"[74, 75, 76, 77, 99, 100, 101, 102, 103, 104, 105, 106, 107, 108, 109, 110, 111, 112, 113, 171, 172, 173, 174, 175, 176, 177, 178]","[74, 75, 76, 77, 171, 172, 173, 174, 175, 176, 177, 178]","[74, 75, 76, 77, 99, 100, 101, 102, 103, 171, 172, 173, 174, 175, 176, 177, 178]"
1168085976301879296,"[275, 276, 277, 278, 279, 280, 281, 282, 283, 284]","[275, 276, 277, 278, 279, 280, 281, 282, 283, 284]",
1062834799717572608,"[107, 108, 109, 110, 111, 112]",[],"[31, 32, 33, 34, 95, 96, 97, 98, 99, 100]"
1063387677884596224,"[27, 28, 29, 30, 31, 32, 33, 34]","[27, 28, 29, 30, 31, 32, 33, 34]",
1266287379553202179,"[20, 21, 22]","[20, 21, 22, 58, 59, 60, 61, 62]","[20, 21, 22, 58, 59, 60, 61, 62]"
1063746845271150592,"[13, 14, 15, 16, 17]","[13, 14, 15, 16, 17]",
1266701574228922368,"[20, 21, 22, 133, 134, 135, 136, 137, 138, 139, 140]","[133, 134, 135, 136, 137, 138, 139, 140]","[133, 134, 135, 136, 137, 138, 139, 140]"
1266679777865457666,"[135, 136, 137, 138, 139, 147, 148, 149, 150, 151]","[147, 148, 149, 150, 151]","[147, 148, 149, 150, 151]"
1266229786759892992,"[63, 64, 65, 66, 67, 68, 69, 71, 72, 73, 74, 75, 76, 77]","[71, 72, 73, 74, 75, 76, 77]","[43, 44, 45, 46, 47, 48, 49, 50, 51, 71, 72, 73, 74, 75, 76, 77, 63, 64, 65, 66, 67, 68, 69]"
1064555440133062656,"[49, 50, 51, 52, 53]",[],"[64, 65, 66, 67, 68, 69, 70]"
1062835253868421120,[],"[157, 158, 159, 162, 163, 164]","[165, 166, 167, 168, 169, 170, 171, 172, 162, 163, 164]"
1061922566766579712,"[15, 16, 17, 18, 19, 20, 21, 22, 23, 72, 73, 74, 107, 108, 109, 110, 111, 112, 113, 114, 187, 188, 189, 190, 191, 192, 193, 194, 200, 201, 202, 203, 204, 205, 206, 207, 208, 209]","[15, 16, 17, 18, 19, 20, 21, 22, 23, 107, 108, 109, 110, 111, 112, 113, 114, 187, 188, 189, 190, 191, 192, 193, 194, 200, 201, 202, 203, 204, 205, 206, 207, 208, 209, 72, 73, 74]","[15, 16, 17, 18, 19, 20, 21, 22, 23, 107, 108, 109, 110, 111, 112, 113, 114, 187, 188, 189, 190, 191, 192, 193, 194, 200, 201, 202, 203, 204, 205, 206, 207, 208, 209]"
1123494876455284736,[],"[7, 8, 9, 10, 11, 12, 13, 14, 15, 16, 17]","[7, 8, 9, 10, 11, 12, 13, 14, 15, 16, 17]"
1061909644329844736,"[7, 8, 9]","[7, 8, 9]",
1063158965935243264,"[10, 11, 12, 13, 14, 15, 16, 17, 18, 19, 20, 133, 134, 135, 136, 137, 138]",[],"[10, 11, 12, 13, 14, 15, 16, 17, 18, 19, 20]"
1062965332502106113,"[6, 7, 8, 9, 10, 12, 13, 14, 15, 16, 17, 77, 78, 79, 80, 110, 111, 112, 113, 114, 115, 116, 121, 122, 123, 124, 187, 188, 189, 190]",[],"[6, 7, 8, 9, 10, 12, 13, 14, 15, 16, 17, 77, 78, 79, 80, 121, 122, 123, 124, 110, 111, 112, 113, 114, 115, 116, 187, 188, 189, 190]"
1063531795226992641,"[13, 14, 15, 16, 41, 42, 43, 44, 45, 82, 83, 84, 85]","[13, 14, 15, 16, 82, 83, 84, 85, 41, 42, 43, 44, 45]","[13, 14, 15, 16, 82, 83, 84, 85]"
1266500788211376129,"[78, 79, 80, 81, 82, 84, 85, 86, 87]","[217, 218, 219, 220, 221, 222, 223]","[78, 79, 80, 81, 82, 84, 85, 86, 87, 217, 218, 219, 220, 221, 222, 223]"
1266278555542937600,"[210, 211, 212, 213, 214, 215, 216]","[210, 211, 212, 213, 214, 215, 216]",
1063789589696077824,"[0, 1, 2, 3, 4, 42, 43, 44, 45, 46, 47, 72, 73, 74, 75, 76, 77, 79, 80, 81, 82, 83, 84, 85, 86, 87, 88, 89]","[0, 1, 2, 3, 4, 42, 43, 44, 45, 46, 47, 72, 73, 74, 75, 76, 77, 79, 80, 81, 82, 83, 84, 85, 86, 87, 88, 89]",
1267208876644073474,"[13, 14, 15, 16, 49, 50, 51, 52, 85, 86, 87, 88]","[13, 14, 15, 16, 49, 50, 51, 52, 85, 86, 87, 88]",
1266476395544432641,"[134, 135, 136, 137, 138, 139, 140, 141, 142, 143, 144, 145, 146, 147, 162, 163, 164, 165, 166, 167, 168, 169, 170]",[],"[134, 135, 136, 137, 138, 139, 140, 141, 142, 143, 144, 145, 146, 147]"
1061797085849309184,"[266, 267, 268, 269, 270, 271, 33, 34, 35, 36, 37, 38, 39]","[174, 175, 176, 177, 178, 179]","[174, 175, 176, 177, 178, 179, 266, 267, 268, 269, 270, 271]"
841762120651939842,"[38, 39]","[38, 39]",
848289649210474496,[],[],
1267571262467031042,"[13, 14, 15, 16, 49, 50, 51, 52, 85, 86, 87, 88]","[13, 14, 15, 16, 49, 50, 51, 52, 85, 86, 87, 88]",
1267038468754083841,"[143, 144, 145, 146, 147, 148, 149, 150]",[],"[143, 144, 145, 146, 147, 148, 149, 150, 151, 121, 122, 123, 124, 125, 82, 83, 84, 85, 86, 87, 88]"
1168085756532994048,"[35, 36, 37, 38, 39, 40, 41, 42, 43, 45, 46, 47, 48, 49, 50, 51, 52, 68, 69, 70, 71, 72, 73, 74, 75, 76, 77]","[35, 36, 37, 38, 39, 40, 41, 42, 43, 44, 45, 46, 47, 48, 49, 50, 51, 52, 68, 69, 70, 71, 72, 73, 74, 75, 76, 77]","[45, 46, 47, 48, 49, 50, 51, 52, 35, 36, 37, 38, 39, 40, 41, 42, 43, 68, 69, 70, 71, 72, 73, 74, 75, 76, 77]"
1168085089349189632,"[19, 20, 21, 22, 23, 24, 25, 26, 27, 28]","[19, 20, 21, 22, 23, 24, 25, 26, 27, 28]",
1266456986541047818,"[135, 136, 137, 138, 139, 140]","[135, 136, 137, 138, 139, 140]",
1061999955236323329,"[194, 195, 196, 197, 198, 199, 258, 259, 260, 261, 262, 263]","[194, 195, 196, 197, 198, 199, 258, 259, 260, 261, 262, 263]",
1061996036883992576,"[29, 30, 31, 32, 33, 34, 35, 36]","[29, 30, 31, 32, 33, 34, 35, 36, 37]","[29, 30, 31, 32, 33, 34, 35, 36]"
1063496005000282112,"[10, 11, 12, 79, 80, 81, 82, 83, 84, 85, 86, 87, 88]","[10, 11, 12, 79, 80, 81, 82, 83, 84, 85, 86, 87, 88]",
1168077253768400897,"[78, 79, 80, 81, 82, 83, 84, 85, 86]","[78, 79, 80, 81, 82, 83, 84, 85, 86]",
1267003689031610368,"[49, 50, 51, 52, 53, 54]","[44, 45, 46, 47, 48, 49, 50, 51, 52, 53, 54]","[44, 45, 46, 47, 49, 50, 51, 52, 53, 54]"
1061877839727865857,"[7, 8, 9, 11, 12, 13, 14, 15, 16, 18, 19, 20, 21, 22, 23, 25, 26, 27, 28, 29, 30, 32, 33, 34, 35, 36, 37, 38]","[7, 8, 9, 10, 11, 12, 13, 14, 15, 16, 17, 18, 19, 20, 21, 22, 23, 24, 25, 26, 27, 28, 29, 30, 31, 32, 33, 34, 35, 36, 37, 38]","[7, 8, 9, 11, 12, 13, 14, 15, 16, 25, 26, 27, 28, 29, 30, 18, 19, 20, 21, 22, 23, 32, 33, 34, 35, 36, 37, 38]"
1061939871147794432,"[151, 152, 153, 154, 155, 156, 157]","[151, 152, 153, 154, 155, 156, 157]",
665332404232437760,"[38, 39, 40, 41]",[],"[38, 39, 40, 41]"
1065204159950045184,[],[],
1266329881270460416,"[22, 23, 24, 25, 26, 27, 28, 29, 30, 31, 32]",[],"[22, 23, 24, 25, 26, 27, 28, 29, 30, 31, 32]"
848289006261501956,"[50, 51, 52, 53, 54, 55, 56, 67, 68, 69, 70, 71, 72, 73, 74]","[67, 68, 69, 70, 71, 72, 73, 74]","[50, 51, 52, 53, 54, 55, 56, 67, 68, 69, 70, 71, 72, 73, 74]"
1266679952826564610,"[39, 40, 41, 42, 43, 44, 103, 104, 105]","[39, 40, 41, 42, 43, 44]","[39, 40, 41, 42, 43, 44]"
1267193776818327558,"[13, 14, 15, 16, 49, 50, 51, 52, 131, 132, 133, 134]","[13, 14, 15, 16, 49, 50, 51, 52, 131, 132, 133, 134]",
1062092806980804610,"[19, 20, 21, 22, 23, 24, 57, 58, 59, 60, 61, 62]","[19, 20, 21, 22, 23, 24, 57, 58, 59, 60, 61, 62]",
1266638175356817411,[],"[19, 20, 21, 22, 23, 24, 25]","[19, 20, 21, 22, 23, 24, 25]"
1266382276209803269,"[19, 20, 21, 22, 23]",[],"[19, 20, 21, 22, 23]"
1266846488870739969,"[13, 14, 15, 16, 49, 50, 51, 52, 85, 86, 87, 88]","[13, 14, 15, 16, 49, 50, 51, 52, 85, 86, 87, 88]",
1061892749216153601,"[58, 59, 60, 61, 62, 63, 139, 140, 141, 142, 143, 144, 145, 146, 147, 148, 149, 150, 152, 153, 154, 155, 156, 157, 158]","[58, 59, 60, 61, 62, 63, 139, 140, 141, 142, 143, 144, 145, 146, 147, 148, 149, 150]","[58, 59, 60, 61, 62, 63, 139, 140, 141, 142, 143, 144, 145, 146, 147, 148, 149, 150, 152, 153, 154, 155, 156, 157, 158]"
1168082979794669568,"[135, 136, 137, 138, 139, 140, 220, 221, 222, 223, 224, 225, 253, 254, 255, 256, 257, 258, 259, 260, 261, 262, 263, 264, 265, 243, 244, 245]","[135, 136, 137, 138, 139, 140, 220, 221, 222, 223, 224, 225, 253, 254, 255, 256, 257, 258, 259, 260, 261, 262, 263, 264, 265]","[135, 136, 137, 138, 139, 140, 220, 221, 222, 223, 224, 225, 253, 254, 255, 256, 257, 258, 259, 260, 261, 262, 263, 264, 265]"
1062050956513284096,"[39, 40, 41, 42, 43, 44, 45, 47, 48, 49, 50, 51, 52]","[39, 40, 41, 42, 43, 44, 45, 46, 47, 48, 49, 50, 51, 52]","[39, 40, 41, 42, 43, 44, 45, 47, 48, 49, 50, 51, 52]"
1062083964175835136,"[19, 20, 21, 22, 23, 24, 13, 14, 15, 16, 17]","[19, 20, 21, 22, 23, 24]","[13, 14, 15, 16, 17, 19, 20, 21, 22, 23, 24]"
1062839233432506370,"[30, 31, 64, 65, 66, 67]","[30, 31, 64, 65, 66, 67]",
1064161284000763905,"[76, 77, 78, 79, 80, 81, 82, 91, 92, 93, 94, 95, 96, 97, 98, 85, 86, 87, 88, 89]","[76, 77, 78, 79, 80, 81, 82, 85, 86, 87, 88, 89, 90, 91, 92, 93, 94, 95, 96, 97, 98]","[76, 77, 78, 79, 80, 81, 82, 85, 86, 87, 88, 89, 91, 92, 93, 94, 95, 96, 97, 98]"
1002609994720796673,"[52, 53, 54, 55, 56, 145, 146, 147, 148, 149, 150, 151, 152, 153, 154, 155, 156, 157, 83, 84, 85, 86, 87, 88, 89, 90, 91]",[],"[145, 146, 147, 148, 149, 150, 151, 152, 153, 154, 155, 156, 157, 52, 53, 54, 55, 56, 97, 98, 99, 100, 101, 102]"
1062834796597075969,"[73, 74, 75, 76, 77, 78, 79]","[73, 74, 75, 76, 77, 78, 79]",
1063885655137284096,"[21, 22, 23, 24, 25, 26, 114, 115, 116, 117, 118, 119]",[],"[21, 22, 23, 24, 25, 26, 114, 115, 116, 117]"
1002602557494255618,"[13, 14, 15, 16]",[],"[13, 14, 15, 16]"
1168074881042460673,"[32, 33, 34, 35, 36, 37, 38, 39, 40, 41, 42, 43, 44, 45, 46, 47, 49, 50, 51, 52, 53, 54, 56, 57, 58, 59, 60, 61, 62, 63]",[],"[49, 50, 51, 52, 53, 54, 56, 57, 58, 59, 60, 61, 62, 63]"
1062782860254420998,"[6, 7, 42, 43]","[6, 7, 42, 43]",
1062002787381325825,"[13, 14, 15]","[13, 14, 15]",
1168079693905612800,"[132, 133, 134, 135, 136, 137]","[132, 133, 134, 135, 136, 137, 138]","[67, 68, 69, 70, 71, 72, 73, 74, 75, 76]"
1168072179101110272,"[3, 4, 5, 6, 7, 197, 198, 199, 200, 201, 202, 203, 204]","[197, 198, 199, 200, 201, 202, 203, 204]","[3, 4, 5, 6, 7, 197, 198, 199, 200, 201, 202, 203, 204]"
1065158824615690240,"[26, 27, 28, 29, 30]","[26, 27, 28, 29, 30]",
1266481828535439360,"[14, 15, 16, 17, 18, 19]","[14, 15, 16, 17, 18, 19]",
666687039853719552,"[52, 53, 54, 55, 56, 57, 59, 60, 61, 62, 63, 64, 65, 66, 67, 68, 69]","[59, 60, 61, 62, 63, 64, 65, 66, 67, 68, 69]","[52, 53, 54, 55, 56, 57, 59, 60, 61, 62, 63, 64, 65, 66, 67, 68, 69]"
1062776819856932864,"[13, 14, 15, 16, 49, 50, 51, 52, 85, 86, 87, 88]","[13, 14, 15, 16, 49, 50, 51, 52, 85, 86, 87, 88]",
1061994900072398848,"[16, 17, 18, 19, 20, 21, 22, 23, 24]","[16, 17, 18, 19, 20, 21, 22, 23, 24]",
1063546894675263495,"[13, 14, 15, 16, 49, 50, 51, 52, 77, 78, 79, 80, 81, 118, 119, 120, 121]","[13, 14, 15, 16, 49, 50, 51, 52, 118, 119, 120, 121, 77, 78, 79, 80, 81]","[13, 14, 15, 16, 49, 50, 51, 52, 118, 119, 120, 121]"
1061934154776887297,"[67, 68, 69, 70, 71, 72, 73]","[67, 68, 69, 70, 71, 72, 73]",
1063118316041109511,"[58, 59, 74, 75, 76, 77, 78, 79, 0, 1, 2, 3]","[58, 59, 74, 75, 76, 77, 78, 79]","[58, 59, 74, 75, 76, 77, 78, 79]"
1062054977861009412,[],"[79, 80, 82, 83, 84, 85, 86, 87]","[79, 80, 82, 83, 84, 85, 86, 87]"
1063190739935465472,"[24, 25, 26, 27, 28]","[24, 25, 26, 27, 28]",
1063197719341268994,"[6, 7, 8, 9, 10, 11, 12, 88, 89, 90, 91, 92, 93, 94, 95, 96]","[6, 7, 8, 9, 10, 11, 12]","[6, 7, 8, 9, 10, 11, 12, 88, 89, 90, 91, 92, 93, 94, 95, 96]"
1061960212360380417,"[48, 49, 50, 51, 144, 145, 146, 147, 148, 149, 150, 151, 152, 153, 154, 155, 156, 157, 158, 159, 160, 161, 162, 163, 164, 165]","[38, 39, 40, 41, 42, 43, 44, 45, 46, 47, 48, 49, 50, 51, 144, 145, 146, 147, 148, 149, 150, 151, 152, 153, 154, 155, 156, 157, 158, 159, 160, 161, 162, 163, 164, 165]","[38, 39, 40, 41, 42, 43, 44, 45, 46, 48, 49, 50, 51, 154, 155, 156, 157, 158, 159, 160, 161, 162, 163, 164, 165, 144, 145, 146, 147, 148, 149, 150, 151, 152, 153]"
848287798499184645,"[9, 10, 11, 12]",[],"[9, 10, 11, 12]"
1061924464873615360,"[5, 6, 7, 8, 9, 10, 106, 107, 108, 109, 110]",[],"[5, 6, 7, 8, 9, 10]"
1062808260925931520,"[6, 7, 8, 9, 10, 11, 12, 13, 14, 15, 16, 17, 18, 20, 21, 22, 23, 24, 25, 26, 29, 30, 31, 32, 33, 34]","[20, 21, 22, 23, 24, 25, 26]","[20, 21, 22, 23, 24, 25, 26, 29, 30, 31, 32, 33, 34, 70, 71, 72, 73, 74, 75, 76, 77, 78]"
1168084855508393985,"[188, 189, 190, 191, 192, 193, 194, 210, 211, 212, 213, 214, 215, 216, 217, 197, 198, 199, 200, 201, 202, 203, 204, 205, 206, 207]","[166, 167, 168, 169, 170, 171, 172, 173, 174, 175]","[128, 129, 130, 131, 132, 133, 134, 135, 136, 137, 138, 139, 140, 141, 166, 167, 168, 169, 170, 171, 172, 173, 174, 175]"
1064146064704503808,"[18, 19, 20, 21, 22, 104, 105, 106, 107, 108, 109, 110]","[18, 19, 20, 21, 22, 104, 105, 106, 107, 108, 109, 110]",
1266283137048342530,"[62, 63, 64, 65, 66, 67, 68, 69, 70, 71, 121, 122, 123, 124, 125, 126, 127, 128, 129, 50, 51, 52]","[92, 93, 94, 95, 96]","[50, 51, 52, 62, 63, 64, 65, 66, 67, 68, 69, 70, 71, 92, 93, 94, 95, 96]"
1266846532457967617,"[13, 14, 15, 16, 40, 41, 42, 43, 76, 77, 78, 79]","[13, 14, 15, 16, 40, 41, 42, 43, 76, 77, 78, 79]",
1064860202460168194,"[10, 11, 12, 13, 22, 23, 24, 25, 26, 27, 28, 29, 30, 31, 32, 34, 35, 36, 37, 38, 39, 40, 41, 42, 44, 45, 46]","[10, 11, 12, 13, 22, 23, 24, 25, 26, 27, 28, 29, 30, 31, 32, 33, 34, 35, 36, 37, 38, 39, 40, 41, 42, 43, 44, 45, 46]","[10, 11, 12, 13, 22, 23, 24, 25, 26, 27, 28, 29, 30, 31, 32, 34, 35, 36, 37, 38, 39, 40, 41, 42, 44, 45, 46]"
1266717503159513090,[],[],
1062761752117567493,"[13, 14, 15, 16, 40, 41, 42, 43, 85, 86, 87, 88, 89, 90, 91, 94, 95, 96, 97]","[13, 14, 15, 16, 40, 41, 42, 43, 94, 95, 96, 97]","[13, 14, 15, 16, 40, 41, 42, 43, 94, 95, 96, 97]"
1123497145632477185,"[44, 45, 46, 47, 48, 49, 50, 33, 34, 35, 36]","[44, 45, 46, 47, 48, 49, 50]","[33, 34, 35, 36, 44, 45, 46, 47, 48, 49, 50]"
1002602141020774400,"[81, 82, 83, 114, 115, 116, 117, 118, 119, 120, 121, 122]","[114, 115, 116, 117, 118, 119, 120, 121, 122, 81, 82, 83]","[81, 82, 83, 114, 115, 116, 117, 118, 119, 120, 121, 122]"
1123493826008686592,"[37, 38, 39, 40, 41, 42, 43, 44, 9, 10, 11, 12, 13, 14, 15, 16, 69, 70, 71, 72, 73, 74, 75, 76]",[],"[9, 10, 11, 12, 13, 14, 15, 16, 18, 19, 20, 21, 22, 23, 24, 25, 26]"
1062096495695007752,"[44, 45, 46, 47, 48, 49]","[44, 45, 46, 47, 48, 49]",
1063762053465366528,"[10, 11, 12, 13, 14, 15, 16, 17]","[10, 11, 12, 13, 14, 15, 16, 17]",
1266311131255242752,"[53, 54, 55, 56, 57, 58, 60, 61, 62, 63, 64, 65]",[],"[53, 54, 55, 56, 57, 58, 60, 61, 62, 63, 64, 65]"
1268658467050528769,"[13, 14, 15, 16, 40, 41, 42, 43, 76, 77, 78, 79]","[13, 14, 15, 16, 40, 41, 42, 43, 76, 77, 78, 79]",
1063206189507493888,"[20, 21, 22, 23, 24, 25, 8, 9, 10, 11, 12, 13, 14, 15, 16, 17, 18]","[8, 9, 10, 11, 12, 13, 14, 15, 16, 17, 18, 19, 20, 21, 22, 23, 24, 25]","[8, 9, 10, 11, 12, 13, 14, 15, 16, 17, 18]"
1061927598853369856,"[79, 80, 81, 82, 83, 84, 85, 86]",[],"[79, 80, 81, 82, 83, 84, 85, 86]"
1267918551719063555,"[13, 14, 15, 16, 49, 50, 51, 52, 131, 132, 133, 134]","[13, 14, 15, 16, 49, 50, 51, 52, 131, 132, 133, 134]",
1062791960132501506,"[13, 14, 15, 16, 40, 41, 42, 43, 67, 68, 69, 70]","[13, 14, 15, 16, 40, 41, 42, 43, 67, 68, 69, 70]",
1064657165032587264,"[25, 26, 27, 28, 264, 265, 266, 267, 268, 269, 270]","[264, 265, 266, 267, 268, 269, 270, 25, 26, 27, 28]","[25, 26, 27, 28, 20, 21, 22, 23, 264, 265, 266, 267, 268, 269, 270]"
1266952032625311745,"[22, 23, 24, 25, 26, 27, 28, 29, 30, 31, 32]","[22, 23, 24, 25, 26, 27, 28, 29, 30, 31, 32]",
1063127512916594694,"[47, 48, 50, 51, 52]","[47, 48]","[47, 48, 50, 51, 52]"
1266773698306093061,[],[],
1062838512603545600,"[15, 16, 17, 18]",[],"[15, 16, 17, 18]"
1061907116724813824,"[7, 8, 9, 10, 11, 13, 14, 15]","[7, 8, 9, 10, 11, 12, 13, 14, 15]","[7, 8, 9, 10, 11, 13, 14, 15]"
1168072170716749826,"[57, 58, 59, 60, 61, 62, 64, 65, 66, 67, 68, 69]","[57, 58, 59, 60, 61, 62, 63, 64, 65, 66, 67, 68, 69]","[57, 58, 59, 60, 61, 62, 64, 65, 66, 67, 68, 69]"
1002606121398480897,"[25, 26, 27, 28, 29, 30, 31, 32, 33, 34, 35, 251, 252, 253, 254, 255, 256, 257, 258, 259]","[25, 26, 27, 28, 29, 30, 31, 32, 33, 34, 35, 251, 252, 253, 254, 255, 256, 257, 258, 259]",
1062000640145215488,"[49, 50, 51, 154, 155, 156, 157, 185, 186, 187, 188, 189, 190]",[],"[154, 155, 156, 157, 169, 170, 171, 172, 173, 174, 175, 176, 177, 178, 179, 185, 186, 187, 188, 189, 190, 84, 85, 86, 87, 88, 89, 90, 91, 92, 93, 94, 95, 195, 196, 197, 198, 199, 200, 201, 202, 203]"
1063487212044587008,"[129, 130, 131, 132, 134, 135, 136, 137, 138, 139, 140, 141, 159, 160, 161, 162, 163, 164, 165, 95, 96, 97, 98, 99, 100, 101, 102]","[95, 96, 97, 98, 99, 100, 101, 102, 134, 135, 136, 137, 138, 139, 140, 141]","[134, 135, 136, 137, 138, 139, 140, 141, 159, 160, 161, 162, 163, 164, 165, 95, 96, 97, 98, 99, 100, 101, 102]"
1168075403157811201,"[70, 71, 72, 73, 74, 75, 76, 77, 78, 79, 190, 191, 192, 193, 194, 195, 196, 197, 198, 199, 200, 201, 202, 203, 204, 205, 207, 208, 209, 210, 211, 212, 213, 214, 215, 216, 217, 218]","[70, 71, 72, 73, 74, 75, 76, 77, 78, 79]","[70, 71, 72, 73, 74, 75, 76, 77, 78, 79, 190, 191, 192, 193, 194, 195, 196, 197, 198, 199, 200, 201, 202, 203, 204, 205]"
1168078721925943302,"[229, 230, 231]","[229, 230, 231]",
1063009552755507200,"[18, 19, 20, 21, 22, 23, 38, 39, 40, 41, 42, 43, 44, 125, 126, 127, 128]","[18, 19, 20, 21, 22, 23, 125, 126, 127, 128]","[18, 19, 20, 21, 22, 23, 125, 126, 127, 128]"
1266159641433645058,"[85, 86, 87, 88, 89, 90, 91, 92, 157, 158, 159, 160, 161, 162, 163, 164, 165, 166]",[],"[157, 158, 159, 160, 161, 162, 163, 164, 165, 166]"
1062816478305624072,"[98, 99, 100]","[98, 99, 100, 101]","[98, 99, 100, 49, 50, 51, 52, 53, 54, 55, 56, 57, 58, 59, 60]"
1266647434933010433,"[30, 31, 32, 33, 34, 35, 36, 38, 39, 40, 41, 42, 43, 44, 45, 46, 47, 48, 102, 103, 104, 105, 107, 108, 109, 110, 111, 112, 113, 114, 115, 116, 117, 142, 143, 144, 145, 146]","[30, 31, 32, 33, 34, 35, 36, 84, 85, 86, 87, 88, 89, 90, 91, 92, 93, 94, 95, 97, 98, 99, 100, 101, 102, 103, 104, 105, 142, 143, 144, 145, 146]","[30, 31, 32, 33, 34, 35, 36, 38, 39, 40, 41, 42, 43, 44, 45, 46, 47, 48, 84, 85, 86, 87, 88, 89, 90, 91, 92, 93, 94, 95, 97, 98, 99, 100, 102, 103, 104, 105, 107, 108, 109, 110, 111, 112, 113, 114, 115, 116, 117]"
1267208899125555201,"[13, 14, 15, 16, 49, 50, 51, 52, 85, 86, 87, 88]","[13, 14, 15, 16, 49, 50, 51, 52, 85, 86, 87, 88]",
1064158911140372480,"[10, 11, 12, 13]","[10, 11, 12, 13]",
1063144947208110080,"[37, 38, 39, 40, 41, 42, 43, 32, 33, 34, 35]","[32, 33, 34, 35, 36, 37, 38, 39, 40, 41, 42, 43]","[32, 33, 34, 35, 37, 38, 39, 40, 41, 42, 43]"
1064268069856600064,"[30, 31, 32]","[30, 31, 32]",
1266337153421901824,"[27, 28, 29, 30, 31, 32, 33, 35, 36, 37, 38, 39, 40, 41]","[35, 36, 37, 38, 39, 40, 41, 27, 28, 29, 30, 31, 32, 33]","[35, 36, 37, 38, 39, 40, 41, 27, 28, 29, 30, 31, 32, 33]"
1063788520999985152,"[13, 14, 15, 16, 49, 50, 51, 52, 85, 86, 87, 88]","[49, 50, 51, 52, 13, 14, 15, 16, 85, 86, 87, 88]","[13, 14, 15, 16, 49, 50, 51, 52, 85, 86, 87, 88]"
1064520368575123456,"[24, 25, 26, 27, 64, 65, 66, 67, 69, 70, 71, 72, 170, 171, 172, 173, 174, 176, 177, 178, 179]","[24, 25, 26, 27, 64, 65, 66, 67, 68, 69, 70, 71, 72, 176, 177, 178, 179]","[24, 25, 26, 27, 52, 53, 54, 55, 56, 57, 58, 59, 64, 65, 66, 67, 170, 171, 172, 173, 174, 176, 177, 178, 179]"
1061962510348283905,"[0, 1, 2, 3, 4]","[0, 1, 2, 3, 4]",
1168075942239113216,"[45, 46, 47, 48, 49, 50, 192, 193, 194, 195, 196, 205, 206, 207, 208]","[192, 193, 194, 195, 196, 205, 206, 207, 208]","[192, 193, 194, 195, 196, 198, 199, 200, 201, 202, 203, 205, 206, 207, 208]"
1267488542898388995,[],"[167, 168, 169, 170, 171, 172, 173, 174]","[167, 168, 169, 170, 171, 172, 173, 174]"
1076803457955307520,[],[],
848283606564917249,"[21, 22, 23]","[21, 22, 23]",
1063091323996160000,"[17, 18, 19, 20, 21, 22, 23, 24, 25, 26, 111, 112, 113, 114]","[111, 112, 113, 114, 115]","[111, 112, 113, 114]"
1064360686598254592,"[99, 100, 101, 35, 36, 37, 38, 39, 40, 41, 42]","[99, 100, 101]","[35, 36, 37, 38, 39, 40, 41, 42]"
1268643346525949953,"[13, 14, 15, 16, 40, 41, 42, 43]","[13, 14, 15, 16, 40, 41, 42, 43]",
1266338672573657089,"[21, 22, 23, 24, 25]",[],"[21, 22, 23, 24, 25]"
1064602676774739968,"[50, 51, 52, 53, 54, 147, 148, 149, 150, 151, 157, 158, 159, 160, 161, 162, 163, 164]",[],"[17, 18, 19, 20, 21, 23, 24, 25, 26, 27, 28, 29, 30, 31, 32, 33, 34, 35, 50, 51, 52, 53, 54, 147, 148, 149, 150, 151, 153, 154, 155, 156, 157, 158, 159, 160, 161, 162, 163, 164]"
1062754374299107328,"[209, 210, 211, 212, 213, 214, 215, 216, 39, 40, 41, 42, 43, 97, 98, 99, 100, 101, 102, 103, 104, 105]",[],"[39, 40, 41, 42, 43, 70, 71, 72, 73, 74, 75, 76, 77, 78, 83, 84, 85, 86, 87, 88, 89, 90, 209, 210, 211, 212, 213, 214, 215, 216, 202, 203, 204, 205, 206, 207]"
1002597518713253889,"[114, 115, 116, 117, 118, 119, 120]","[114, 115, 116, 117, 118, 119, 120]",
1002610558540099585,"[68, 69, 70, 71, 72, 73, 74]","[68, 69, 70, 71, 72, 73, 74]",
1062776888404402176,"[13, 14, 15, 16, 40, 41, 42, 43, 76, 77, 78, 79]","[13, 14, 15, 16, 40, 41, 42, 43, 76, 77, 78, 79]",
1065283761179369472,"[59, 60, 61, 62, 63, 64, 131, 132, 133, 134, 135, 136, 137, 138, 139, 140, 141]","[218, 219, 220, 221, 222, 223]","[59, 60, 61, 62, 131, 132, 133, 134, 135, 136, 137, 138, 139, 140, 141, 209, 210, 211, 212, 213, 214, 215, 216, 217, 218, 219, 220, 221, 222, 223]"
1061796227157839872,"[11, 12, 13, 14, 15, 16, 17, 18, 19]","[21, 22, 23, 11, 12, 13, 14, 15, 16, 17, 18, 19]","[11, 12, 13, 14, 15, 16, 17, 18, 19, 74, 75, 76, 77, 78, 79, 80, 81, 82, 83]"
1266238626951655425,"[44, 45, 46, 47, 48, 49, 50, 51, 53, 54, 55, 56, 58, 59, 60, 61, 62, 63, 65, 66, 67, 68, 69, 71, 72, 73, 74, 105, 106, 107, 108]","[44, 45, 46, 47, 48, 49, 50, 51, 53, 54, 55, 56, 58, 59, 60, 61, 62, 63, 65, 66, 67, 68, 69, 71, 72, 73, 74, 105, 106, 107, 108]",
1270062697158258688,"[13, 14, 15, 16, 40, 41, 42, 43, 65, 66, 67, 68, 69, 92, 93, 94, 95, 85, 86, 87, 88, 89, 98, 99, 100, 101, 102]","[13, 14, 15, 16, 40, 41, 42, 43, 92, 93, 94, 95, 98, 99, 100, 101, 102, 65, 66, 67, 68, 69, 85, 86, 87, 88, 89, 105, 106, 107, 108, 109]","[13, 14, 15, 16, 40, 41, 42, 43, 92, 93, 94, 95, 65, 66, 67, 68, 69, 98, 99, 100, 101, 102, 85, 86, 87, 88, 89, 105, 106, 107, 108, 109]"
1123494696419041280,"[36, 37, 38, 39, 40, 41, 42, 43, 44, 45, 46, 47]","[36, 37, 38, 39, 40, 41, 42, 43, 44, 45, 46, 47]",
1267208976703381510,"[13, 14, 15, 16, 40, 41, 42, 43, 67, 68, 69, 70]","[13, 14, 15, 16, 40, 41, 42, 43, 67, 68, 69, 70, 111, 112, 113, 114]","[13, 14, 15, 16, 40, 41, 42, 43, 67, 68, 69, 70, 111, 112, 113, 114]"
1266831407009144833,"[13, 14, 15, 16, 40, 41, 42, 43]","[13, 14, 15, 16, 40, 41, 42, 43]",
1062700590332022784,[],"[143, 144, 145, 146, 147, 148, 149, 150, 151, 152, 153, 123, 124, 125, 126, 127, 128, 129, 130, 131, 132, 133]","[123, 124, 125, 126, 127, 128, 129, 130, 131, 132, 133, 143, 144, 145, 146, 147, 148, 149, 150, 151, 152, 153]"
1266358923981983744,[],"[75, 76, 77, 78, 79]","[75, 76, 77, 78, 79, 81, 82, 83, 84, 85]"
1063138690627706880,"[10, 11, 12, 13, 14, 15]","[10, 11, 12, 13, 14, 15]",
1064160617286770688,"[112, 113, 114, 115, 116, 117, 118, 119, 120, 121, 122, 124, 125, 126, 127, 128, 129, 130, 131, 132, 184, 185, 186, 187, 188, 189]","[112, 113, 114, 115, 116, 117, 118, 119, 120, 121, 122, 124, 125, 126, 127, 128, 129, 130, 131, 132, 184, 185, 186, 187, 188, 189]",
1266432712241528833,"[14, 15, 16, 17, 18, 33, 34, 35, 36, 37, 38, 39, 40, 41, 42]","[14, 15, 16, 17, 18]","[14, 15, 16, 17, 18]"
1062058020492992512,[],"[159, 160, 161, 162, 163]","[159, 160, 161, 162, 163, 164]"
1002556466430140416,"[83, 84, 85, 86, 87, 88, 89, 90, 91, 92, 94, 95, 96, 97]","[83, 84, 85, 86, 87, 88, 89, 90, 91, 92, 94, 95, 96, 97, 113, 114, 115, 116, 117, 118, 119, 120, 121, 122]","[83, 84, 85, 86, 87, 88, 89, 90, 91, 92, 94, 95, 96, 97, 113, 114, 115, 116, 117, 118, 119, 120, 121, 122]"
1062761721025216513,"[13, 14, 15, 16, 49, 50, 51, 52, 94, 95, 96, 97, 98, 99, 100, 103, 104, 105, 106]","[13, 14, 15, 16, 49, 50, 51, 52, 103, 104, 105, 106]","[13, 14, 15, 16, 49, 50, 51, 52, 103, 104, 105, 106]"
1266383232708358145,"[25, 26, 27, 28, 29, 30, 31, 32]","[25, 26, 27, 28, 29, 30, 31, 32]",
1064351579711500288,"[36, 37, 38, 39, 40]","[36, 37, 38, 39, 40]",
1266307564435890176,"[82, 83, 84, 85, 86, 87]","[82, 83, 84, 85, 86, 87]",
1168077974027100162,"[34, 35, 36, 37, 38, 39]","[34, 35, 36, 37, 38, 39]",
1266827553559453697,"[32, 33, 34, 35, 36]","[32, 33, 34, 35, 36]",
848291815828672512,"[0, 1, 2, 3, 4, 5, 6, 7, 8, 9, 10, 11, 12]",[],"[0, 1, 2, 3, 4, 5, 6, 7, 8, 9, 10, 11, 12]"
668307788771295233,"[129, 130, 131, 132, 133, 134, 135]","[129, 130, 131, 132, 133, 134, 135]",
1061970789161930752,"[34, 35, 36, 37, 38, 39]","[34, 35, 36, 37, 38, 39]",
1266393147418054656,[],"[44, 45, 46, 47, 48, 49, 50, 51]","[44, 45, 46, 47, 48, 49, 50, 51]"
1061948167195934722,"[54, 55, 56, 57, 58, 59, 60, 61, 62, 63, 64, 65, 67, 68, 69, 70, 71, 72, 73, 74, 139, 140, 141, 142, 143, 144, 220, 221, 222, 223, 224, 225, 226, 227, 228, 229, 43, 44, 45, 46, 47, 48, 49, 50, 51]","[54, 55, 56, 57, 58, 59, 60, 61, 62, 63, 64, 65, 67, 68, 69, 70, 71, 72, 73, 74, 139, 140, 141, 142, 143, 144, 220, 221, 222, 223, 224, 225, 226, 227, 228, 229]","[54, 55, 56, 57, 58, 59, 60, 61, 62, 63, 64, 65, 139, 140, 141, 142, 143, 144, 220, 221, 222, 223, 224, 225, 226, 227, 228, 229, 250, 251, 252, 253, 254, 255]"
1266361701890273282,[],[],
1266379685144883201,"[124, 125, 126, 127, 128, 129]","[124, 125, 126, 127, 128, 129]",
1062053092999524352,"[25, 26, 27, 28]","[25, 26, 27, 28]",
1168073013222400003,"[10, 11, 12, 13, 14, 15, 16, 39, 40, 41, 42, 43, 44, 45]","[10, 11, 12, 13, 14, 15, 16, 4, 5, 6, 7, 8]","[10, 11, 12, 13, 14, 15, 16, 4, 5, 6, 7, 8]"
1063720124685914112,"[10, 11, 12, 13, 14, 140, 141, 142, 143, 187, 188, 189, 190, 191, 192, 193, 194, 195, 196, 202, 203, 204, 205, 206, 207]","[10, 11, 12, 13, 14, 187, 188, 189, 190, 191, 192, 193, 194, 195, 196, 202, 203, 204, 205, 206, 207]","[10, 11, 12, 13, 14, 187, 188, 189, 190, 191, 192, 193, 194, 195, 196, 202, 203, 204, 205, 206, 207, 208]"
848286428475904004,"[17, 18, 19, 20, 21, 22, 23, 24, 25, 27, 28, 29]","[17, 18, 19, 20, 21, 22, 23, 24, 25, 27, 28, 29]",
1074333835456905217,"[27, 28, 29, 30, 31, 33, 34, 35, 36, 37, 38, 39, 40, 41, 42, 43, 44, 46, 47, 48, 49]","[33, 34, 35, 36, 37, 38, 39, 40, 41, 42, 43, 44, 27, 28, 29, 30, 31]","[27, 28, 29, 30, 31, 33, 34, 35, 36, 37, 38, 39, 40, 41, 42, 43, 44, 46, 47, 48, 49]"
1065683128835035136,"[38, 39, 40, 41, 42, 43, 44, 45, 47, 48, 49, 50, 51, 52, 53, 54]","[38, 39, 40, 41, 42, 43, 44, 45, 47, 48, 49, 50, 51, 52, 53, 54]",
1168073443549634560,"[272, 273, 274, 275, 276, 277, 278, 279]","[272, 273, 274, 275, 276, 277, 278, 279]",
1266496709275922432,"[193, 194, 195, 196, 197, 198]","[193, 194, 195, 196, 197, 198]",
1266335322742366212,"[84, 85, 86, 88, 89, 90, 91, 92, 93, 94]","[88, 89, 90, 91, 92, 93, 94, 84, 85, 86]","[84, 85, 86, 88, 89, 90, 91, 92, 93, 94]"
1123490593508872192,"[52, 53, 54, 55, 56, 57]","[52, 53, 54, 55, 56, 57]",
1002609997325520896,"[74, 75, 76, 68, 69, 70, 71, 72]","[68, 69, 70, 71, 72, 74, 75, 76]","[68, 69, 70, 71, 72, 74, 75, 76, 77]"
1266344177085923328,"[57, 58, 59, 60, 61, 62, 86, 87, 88, 89, 90, 91]","[142, 143, 144, 145, 146, 147]","[142, 143, 144, 145, 146, 147]"
1063803603612250112,"[13, 14, 15, 16, 40, 41, 42, 43, 76, 77, 78, 79]","[13, 14, 15, 16, 40, 41, 42, 43, 76, 77, 78, 79]",
1061970035692969984,"[7, 8, 9, 10, 11, 12, 14, 15, 16]","[7, 8, 9, 10, 11, 12, 14, 15, 16]",
1063909598564925440,"[175, 176, 177, 178, 179, 180]","[175, 176, 177, 178, 179, 180]",
1061996294774886400,"[25, 26, 27, 28, 29, 30, 31, 32, 33, 34, 35, 38, 39, 40, 41, 42, 43, 44, 15, 16, 17, 18, 19, 20, 21, 22, 23]","[25, 26, 27, 28, 29, 30, 31, 32, 33, 34, 35, 38, 39, 40, 41, 42, 43, 44]","[25, 26, 27, 28, 29, 30, 31, 32, 33, 34, 35, 38, 39, 40, 41, 42, 43, 44]"
1002606002167013377,"[105, 106, 107, 108]","[105, 106, 107, 108]",
1123495657707384832,"[38, 39, 40, 41, 42, 43, 44, 45, 46, 47, 48, 50, 51, 52, 53, 54, 55, 56, 57]","[38, 39, 40, 41, 42, 43, 44, 45, 46, 47, 48, 50, 51, 52, 53, 54, 55, 56, 57]",
1266291641649778689,"[45, 46, 47, 48, 49, 50, 52, 53, 54, 55, 56, 36, 37, 38, 39, 40, 41, 42, 43]",[],"[45, 46, 47, 48, 49, 50, 36, 37, 38, 39, 40, 41, 42, 43]"
1266302971479900160,"[26, 27, 28, 29, 30, 31, 32, 33, 34, 35, 36, 37, 38]",[],"[33, 34, 35, 36, 37, 38]"
1063719635323944960,"[102, 103, 104, 133, 134, 135, 136, 178, 179, 180, 181, 182, 222, 223, 224, 225, 226, 227, 228, 229, 230, 231, 232, 233, 245, 246, 247, 248, 249, 250, 251, 252, 253, 254, 256, 257, 258]","[102, 103, 104, 197, 198, 199, 200, 201, 202]","[23, 24, 25, 26, 27, 28, 29, 30, 31, 32, 33, 34, 133, 134, 135, 136, 178, 179, 180, 181, 182, 197, 198, 199, 200, 201, 202, 245, 246, 247, 248, 249, 250, 251, 252, 253, 254]"
1062023881601531905,"[67, 68, 69, 70, 71, 72, 73, 74]","[67, 68, 69, 70, 71, 72, 73, 74]",
1123495625088278529,"[64, 65, 66, 67, 69, 70, 71, 72, 73, 74, 75, 76, 77, 78, 79, 80, 81, 82, 83]","[64, 65, 66, 67, 75, 76, 77, 78, 79, 80, 81, 82, 83]","[64, 65, 66, 67, 75, 76, 77, 78, 79, 80, 81, 82, 83, 84]"
668343677325021186,"[64, 65, 66, 67, 68, 69]","[52, 53, 54, 55, 56, 57, 58, 59, 110, 111, 112, 113, 114, 115, 116, 117, 118]","[37, 38, 39, 40, 41, 42, 43, 44, 45, 46, 47, 48, 49, 52, 53, 54, 55, 56, 57, 58, 59, 110, 111, 112, 113, 114, 115, 116, 117, 118]"
1266838024366829568,[],"[103, 104, 105, 106]","[103, 104, 105, 106]"
1062746621488832512,"[13, 14, 15, 16, 58, 59, 60, 61, 62, 63, 64, 67, 68, 69, 70]","[13, 14, 15, 16, 67, 68, 69, 70]","[13, 14, 15, 16, 67, 68, 69, 70]"
1063577093164990464,"[13, 14, 15, 16, 49, 50, 51, 52, 76, 77, 78, 79]",[],"[13, 14, 15, 16, 49, 50, 51, 52, 76, 77, 78, 79]"
1064452863743746048,"[13, 14, 15, 16, 35, 36, 37, 38, 39]",[],"[13, 14, 15, 16]"
1266402109081206791,"[42, 43, 44, 31, 32, 33, 34, 35, 36, 37, 38, 39, 40, 25, 26, 27, 28, 29]","[25, 26, 27, 28, 29, 31, 32, 33, 34, 35, 36, 37, 38, 39, 40, 42, 43, 44]","[25, 26, 27, 28, 29, 42, 43, 44, 31, 32, 33, 34, 35, 36, 37, 38, 39, 40]"
1061883371893284865,"[119, 120, 121, 122, 123, 124, 125, 126, 213, 214, 215, 216, 217, 218, 234, 235, 236]","[234, 235, 236]","[234, 235, 236]"
1065303223752376320,"[100, 101, 102, 137, 138, 139, 140, 141, 142]",[],"[137, 138, 139, 140, 141, 142]"
1063803585383796738,"[13, 14, 15, 16, 49, 50, 51, 52, 85, 86, 87, 88]","[13, 14, 15, 16, 49, 50, 51, 52, 85, 86, 87, 88]",
1266700562931818496,"[43, 44, 45, 46, 47, 48, 50, 51, 52, 53, 54, 56, 57, 58, 59]","[43, 44, 45, 46, 47, 48, 56, 57, 58, 59, 50, 51, 52, 53, 54]","[35, 36, 37, 38, 39, 40, 41, 43, 44, 45, 46, 47, 48, 50, 51, 52, 53, 54, 56, 57, 58, 59]"
1002597764369436672,"[43, 44, 45, 46, 47, 275, 276, 277, 278, 279, 280]","[43, 44, 45, 46, 47, 275, 276, 277, 278, 279, 280]",
1062096828466974722,"[13, 14, 16, 17, 18, 19, 20, 21]","[58, 59, 60, 61, 56, 16, 17, 18, 19, 20, 21, 13, 14]","[13, 14, 16, 17, 18, 19, 20, 21, 58, 59, 60, 61]"
1002604021901914113,"[0, 1, 2, 17, 18, 19, 39, 40, 41, 42, 43, 44]","[17, 18, 19, 0, 1, 2, 31, 32, 33]","[0, 1, 2, 17, 18, 19, 39, 40, 41, 42, 43, 44]"
1061799849782321152,"[224, 225, 226, 227, 228, 229, 275, 276, 277, 278, 279, 280, 281, 282, 283, 284]","[224, 225, 226, 227, 228, 229]","[217, 218, 219, 220, 221, 222, 224, 225, 226, 227, 228, 229, 242, 243, 244, 245, 256, 257, 258, 259, 260, 261, 262, 263, 264, 265, 266, 267, 268, 269, 275, 276, 277, 278, 279, 280, 281, 282, 283, 284]"
1064551995166605312,"[130, 131, 132, 133, 134, 135]","[130, 131, 132, 133, 134, 135]",
1266320633765519360,"[39, 40, 41, 42, 43, 44, 45, 46, 47, 48]","[39, 40, 41, 42, 43, 44, 45, 46, 47, 48]",
1168075946831708160,"[163, 164, 165, 166, 167, 168, 169, 170, 171, 172, 173, 174, 175, 176, 181, 182, 183, 184, 185, 186, 187, 188, 189, 190, 191, 192, 193, 194]",[],"[163, 164, 165, 166, 167, 168, 169, 170, 171, 172, 173, 174, 175, 176, 181, 182, 183, 184, 185, 186, 187, 188, 189, 190, 191, 192, 193, 194, 156, 157, 158, 159, 160, 161]"
1062703998438907906,"[26, 27, 28, 29, 30, 31, 33, 34, 35, 36, 209, 210, 254, 255, 256, 259, 260, 261, 262, 263, 264, 265, 266]","[26, 27, 28, 29, 30, 31, 33, 34, 35, 36, 209, 210, 254, 255, 256, 259, 260, 261, 262, 263, 264, 265, 266]",
1002605484380164097,"[39, 40, 41, 42, 43, 98, 99, 100]","[88, 89, 90, 91, 92, 93, 98, 99, 100]","[39, 40, 41, 42, 43, 98, 99, 100, 88, 89, 90, 91, 92, 93]"
1063562030429425669,"[13, 14, 15, 16, 40, 41, 42, 43, 76, 77, 78, 79]","[13, 14, 15, 16, 40, 41, 42, 43, 76, 77, 78, 79]",
1064091259843821568,"[19, 20, 21, 22, 23, 24, 25, 26, 27, 52, 53, 54, 55, 56, 57, 58, 59, 60, 61, 123, 124, 125, 126, 127, 128, 129, 130, 131, 132, 133, 134, 135, 136, 137, 138, 139, 140, 141, 142, 143, 144, 145, 146, 147, 148, 149, 150, 151, 152, 153, 154, 155]","[58, 59, 60, 61]","[52, 53, 54, 55, 56, 57, 58, 59, 60, 61, 45, 46, 47, 48, 49, 50, 123, 124, 125, 126, 127, 128, 129, 130, 131, 132, 133, 134, 135, 136, 137, 138, 139, 140, 141, 142, 143, 144, 145, 146, 147, 148, 149, 150, 151, 152, 153, 154, 155]"
667151509751267328,[],"[14, 15, 16, 17, 18]","[14, 15, 16, 17, 18]"
1062828853788397568,"[22, 23, 24, 25, 26, 27, 28, 29]","[22, 23, 24, 25, 26, 27, 28, 29]",
1063740521603051520,"[77, 78, 79, 80, 81, 82, 83, 84]","[77, 78, 79, 80, 81, 82, 83, 84]",
1064860561345835008,"[36, 37, 38, 39, 138, 139, 140, 141, 142, 143, 144, 145, 146, 147, 157, 158, 159, 160]","[36, 37, 38, 39, 30, 31, 32, 33, 34, 138, 139, 140, 141, 142, 143, 144, 145, 146, 147, 157, 158, 159, 160]","[30, 31, 32, 33, 34, 36, 37, 38, 39, 138, 139, 140, 141, 142, 143, 144, 145, 146, 147, 157, 158, 159, 160, 169, 170, 171, 172, 173, 174]"
1002606791107149825,"[44, 45, 46, 47, 48, 49, 50]",[],"[37, 38, 39, 40, 41, 42, 44, 45, 46, 47, 48, 49, 50]"
1064162274649219073,"[48, 49, 50, 51, 76, 77, 78, 79]","[53, 54, 55, 56, 57, 58, 59, 60, 61, 62, 48, 49, 50, 51, 64, 65, 66, 67, 68, 69, 71, 72, 73, 74, 76, 77, 78, 79]","[48, 49, 50, 51, 53, 54, 55, 56, 57, 58, 59, 60, 61, 62, 76, 77, 78, 79]"
1062019934803423232,"[143, 144, 145, 146, 147, 148, 149, 150, 151, 152, 153, 155, 156, 157, 158, 222, 223, 224, 225, 226, 227, 228, 229, 230, 231, 232, 234, 235, 236, 237, 254, 255, 256, 257]","[143, 144, 145, 146, 147, 148, 149, 150, 151, 152, 153, 222, 223, 224, 225, 226, 227, 228, 229, 230, 231, 232, 155, 156, 157, 158, 234, 235, 236, 237]","[143, 144, 145, 146, 147, 148, 149, 150, 151, 152, 153, 222, 223, 224, 225, 226, 227, 228, 229, 230, 231, 232, 155, 156, 157, 158, 234, 235, 236, 237, 254, 255, 256, 257]"
1267933664802942980,"[13, 14, 15, 16, 40, 41, 42, 43, 76, 77, 78, 79]","[13, 14, 15, 16, 40, 41, 42, 43, 76, 77, 78, 79]",
1266253305459556357,"[21, 22, 23]","[21, 22, 23]",
1266725256707944448,"[32, 33, 34, 35, 36, 37, 38, 39]","[32, 33, 34, 35, 36, 37, 38, 39]",
1063875128310841346,"[8, 9, 10, 11, 12, 13, 0, 1, 2, 3]","[0, 1, 2, 3, 8, 9, 10, 11, 12, 13]","[8, 9, 10, 11, 12, 13, 0, 1, 2, 3]"
1062001708979642368,"[40, 41, 42, 43, 44, 45, 46, 47, 48, 122, 123, 124, 125, 126, 127, 128, 129, 130, 131, 132]","[40, 41, 42, 43, 44, 45, 46, 47, 48]","[44, 45, 46, 47, 48, 100, 101, 102, 103, 104, 105, 106, 107, 108, 122, 123, 124, 125, 126, 127, 128, 129, 130, 131, 132, 135, 136, 137, 138, 139, 140, 141, 142, 143, 144, 145, 146]"
1062005109801009152,"[89, 90, 91, 92, 93, 179, 180, 181, 182, 183, 184, 186, 187, 188, 189, 190]","[18, 19, 20, 21, 22, 23, 24, 25, 26, 134, 135, 136, 137, 138, 139, 140, 141, 142, 143, 144, 168, 169, 170, 171, 172, 173, 174, 175, 176, 177, 179, 180, 181, 182, 183, 184, 186, 187, 188, 189, 190]","[18, 19, 20, 21, 22, 23, 24, 25, 26, 31, 32, 33, 34, 35, 89, 90, 91, 92, 93, 134, 135, 136, 137, 138, 139, 140, 141, 142, 143, 144, 149, 150, 151, 152, 153, 154, 168, 169, 170, 171, 172, 173, 174, 175, 176, 177, 179, 180, 181, 182, 183, 184, 186, 187, 188, 189, 190]"
1061932276387381248,"[0, 1, 2, 4, 5, 6, 7]","[0, 1, 2, 4, 5, 6, 7]",
1062837886301691905,"[85, 86, 88, 89, 90, 91]","[85, 86, 88, 89, 90, 91]",
1063155739072585728,"[36, 37, 38, 39, 40, 41]","[36, 37, 38, 39, 40, 41]",
1062689285680390144,"[49, 50, 51, 52]",[],"[49, 50, 51, 52]"
1168073533437571074,"[39, 40, 41, 42, 43, 44, 146, 147, 148, 149, 150, 151, 152, 155, 156, 157, 158, 159, 160, 161, 162, 163, 175, 176, 177, 178, 179, 180, 181]","[39, 40, 41, 42, 43, 44, 146, 147, 148, 149, 150, 151, 152, 155, 156, 157, 158, 159, 160, 161, 162, 163, 175, 176, 177, 178, 179, 180, 181]",
1168072055666946048,"[74, 75, 76, 77, 78, 79, 80, 116, 117, 118]","[74, 75, 76, 77, 78, 79, 80, 116, 117, 118]",
1002605705331867648,"[65, 66, 67, 68]","[65, 66, 67, 68, 55, 56, 57, 58, 59, 60, 61, 62, 43, 44, 45]","[55, 56, 57, 58, 59, 60, 61, 62, 65, 66, 67, 68]"
1268280941128093698,"[13, 14, 15, 16, 49, 50, 51, 52, 64, 65, 66, 67, 68, 69]","[13, 14, 15, 16, 49, 50, 51, 52]","[13, 14, 15, 16, 49, 50, 51, 52]"
1062791429951496192,"[33, 34, 35, 36, 37, 38, 39, 40, 41, 42, 43]",[],"[26, 27, 28, 29, 30, 31, 33, 34, 35, 36, 37, 38, 39, 40, 41, 42, 43, 53, 54, 55, 56, 57]"
1061976430576308225,"[196, 197, 198, 199, 200, 201]","[196, 197, 198, 199, 200, 201]",
1061948855649030144,"[24, 25, 26, 27, 28, 29, 30, 49, 50, 51, 52, 53, 54, 55, 56, 57, 58, 59, 60, 61, 238, 239, 240, 241, 242, 243, 244, 245, 246, 247, 248]","[24, 25, 26, 27, 28, 29, 30, 238, 239, 240, 241, 242, 243, 244, 245, 246, 247, 248]","[7, 8, 9, 10, 11, 12, 13, 14, 15, 16, 17, 18, 19, 20, 21, 22, 24, 25, 26, 27, 28, 29, 30, 49, 50, 51, 52, 53, 54, 55, 56, 57, 58, 59, 60, 61, 238, 239, 240, 241, 242, 243, 244, 245, 246, 247, 248]"
1062113168921649153,"[22, 23, 24, 25]","[22, 23, 24, 25]",
848278956642054144,"[28, 29, 30, 31]","[28, 29, 30, 31]",
1062839499569459200,"[31, 32, 33, 34, 23, 24, 25, 26, 27, 28, 29, 36, 37]","[23, 24, 25, 26, 27, 28, 29, 31, 32, 33, 34, 36, 37]","[23, 24, 25, 26, 27, 28, 29, 31, 32, 33, 34, 36, 37, 39, 40, 41, 42, 43, 44, 45, 46]"
1063215951963926528,"[0, 1, 2, 3, 4, 5, 6, 8, 9, 10, 11, 40, 41, 42, 43, 44]","[0, 1, 2, 3, 4, 5, 6, 8, 9, 10, 11]","[0, 1, 2, 3, 4, 5, 6, 8, 9, 10, 11, 40, 41, 42, 43, 44]"
1062104081798516738,[],"[80, 81, 82, 83]","[80, 81, 82, 83]"
1267070866040459266,"[26, 27, 28, 29, 30, 31, 32, 33, 34, 35, 36, 37, 38, 39, 40, 41]",[],"[26, 27, 28, 29, 30, 31, 32, 33, 34, 35, 36, 37, 38, 39, 40, 41, 117, 118, 119, 120, 121, 122, 124, 125, 126, 127, 128, 129, 130, 131, 132, 133, 134, 135]"
848285854409916419,"[16, 17, 18, 52, 53, 54]","[52, 53, 54]","[16, 17, 18, 43, 44, 45, 46, 47, 48, 49, 50, 52, 53, 54, 55, 56, 57, 58, 59, 60, 61, 62]"
1063546920826798082,"[13, 14, 15, 16, 40, 41, 42, 43, 68, 69, 70, 71, 72, 109, 110, 111, 112]","[13, 14, 15, 16, 40, 41, 42, 43, 109, 110, 111, 112, 68, 69, 70, 71, 72]","[13, 14, 15, 16, 40, 41, 42, 43, 109, 110, 111, 112]"
1061797655146315776,"[159, 160, 161, 162, 163, 164, 185, 186, 187, 188, 189, 190]","[185, 186, 187, 188, 189, 190]","[173, 174, 175, 176, 177, 178, 179, 180, 181, 182, 183, 185, 186, 187, 188, 189, 190]"
1064411460783300609,"[57, 58, 59, 60, 61, 62, 63, 64, 65, 66, 67, 69, 70, 71, 72, 73, 74, 75, 76, 77]","[57, 58, 59, 60, 61, 62, 63, 64, 65, 66, 67, 69, 70, 71, 72, 73, 74, 75, 76, 77]",
1062053095016972288,"[15, 16, 17, 18, 19, 20]","[15, 16, 17, 18, 19, 20]",
1063550761857179648,"[28, 29, 30, 31, 32]","[28, 29, 30, 31, 32]",
1062791920538345472,"[13, 14, 15, 16, 49, 50, 51, 52, 76, 77, 78, 79]",[],"[13, 14, 15, 16, 49, 50, 51, 52, 76, 77, 78, 79]"
1266479162925232131,"[25, 26, 27, 28, 29]","[25, 26, 27, 28, 29]",
1269035913650352140,"[13, 14, 15, 16, 49, 50, 51, 52, 80, 81, 82, 83, 86, 87, 88, 89, 101, 102, 103, 104, 105, 106, 109, 110, 111, 112, 115, 116, 117, 118, 119, 129, 130, 131, 132, 133]","[13, 14, 15, 16, 49, 50, 51, 52, 109, 110, 111, 112, 101, 102, 103, 104, 105, 106]","[13, 14, 15, 16, 49, 50, 51, 52, 109, 110, 111, 112, 101, 102, 103, 104, 105, 106, 115, 116, 117, 118, 119]"
1061892979848290305,"[80, 81, 82, 83, 84, 85, 250, 251, 252, 253, 254, 255]","[80, 81, 82, 83, 84, 85, 250, 251, 252, 253, 254, 255]",
1168079222339973125,"[33, 34, 35, 36, 37, 38, 39, 40, 41, 42, 43, 44, 46, 47, 48, 49, 50, 51, 52, 53, 54]",[],"[33, 34, 35, 36, 37, 38, 39, 40, 41, 42, 43, 44, 46, 47, 48, 49, 50, 51, 52, 53, 54]"
1267223974683054081,"[13, 14, 15, 16, 49, 50, 51, 52, 76, 77, 78, 79]","[13, 14, 15, 16, 49, 50, 51, 52, 76, 77, 78, 79]",
1062651175550533632,"[6, 7, 8, 9, 10, 11]","[6, 7, 8, 9, 10, 11]",
1061957995456880640,[],"[5, 6, 7, 8, 9, 10, 11, 12]","[5, 6, 7, 8, 9, 10, 11, 12]"
1062056975897423872,"[22, 23, 24, 25, 43, 44, 45, 46, 47, 48, 49, 50, 218, 219, 220, 221, 174, 175, 176, 177, 178, 179, 180, 181, 182, 183, 184]","[22, 23, 24, 25, 218, 219, 220, 221, 43, 44, 45, 46, 47, 48, 49, 50]","[22, 23, 24, 25, 218, 219, 220, 221, 174, 175, 176, 177, 178, 179, 180, 181, 182, 183, 184]"
848084304659980288,"[42, 43, 44]","[42, 43, 44]",
1266346945120997381,"[40, 41, 42, 43, 44, 45, 46, 47, 48, 49, 50]","[40, 41, 42, 43, 44, 45, 46, 47, 48, 49, 50]",
